product_id,forecast_date,predicted_daily_qty
01c6acc9-1400-42f4-829c-91f1cfbd8b49,2026-07-01,1.6302
01c6acc9-1400-42f4-829c-91f1cfbd8b49,2026-07-02,2.5039
01c6acc9-1400-42f4-829c-91f1cfbd8b49,2026-07-03,2.1271
01c6acc9-1400-42f4-829c-91f1cfbd8b49,2026-07-04,5.3445
01c6acc9-1400-42f4-829c-91f1cfbd8b49,2026-07-05,3.7703
01c6acc9-1400-42f4-829c-91f1cfbd8b49,2026-07-06,5.487
01c6acc9-1400-42f4-829c-91f1cfbd8b49,2026-07-07,3.6595
01c6acc9-1400-42f4-829c-91f1cfbd8b49,2026-07-08,3.6837
01c6acc9-1400-42f4-829c-91f1cfbd8b49,2026-07-09,1.8567
01c6acc9-1400-42f4-829c-91f1cfbd8b49,2026-07-10,2.1264
01c6acc9-1400-42f4-829c-91f1cfbd8b49,2026-07-11,2.9339
01c6acc9-1400-42f4-829c-91f1cfbd8b49,2026-07-12,5.0962
01c6acc9-1400-42f4-829c-91f1cfbd8b49,2026-07-13,3.2084
01c6acc9-1400-42f4-829c-91f1cfbd8b49,2026-07-14,2.2344
01c6acc9-1400-42f4-829c-91f1cfbd8b49,2026-07-15,1.9748
01c6acc9-1400-42f4-829c-91f1cfbd8b49,2026-07-16,2.5354
01c6acc9-1400-42f4-829c-91f1cfbd8b49,2026-07-17,2.989
01c6acc9-1400-42f4-829c-91f1cfbd8b49,2026-07-18,3.8825
01c6acc9-1400-42f4-829c-91f1cfbd8b49,2026-07-19,4.5617
01c6acc9-1400-42f4-829c-91f1cfbd8b49,2026-07-20,3.6945
01c6acc9-1400-42f4-829c-91f1cfbd8b49,2026-07-21,2.9955
01c6acc9-1400-42f4-829c-91f1cfbd8b49,2026-07-22,2.737
01c6acc9-1400-42f4-829c-91f1cfbd8b49,2026-07-23,2.6037
01c6acc9-1400-42f4-829c-91f1cfbd8b49,2026-07-24,2.9779
01c6acc9-1400-42f4-829c-91f1cfbd8b49,2026-07-25,5.0656
01c6acc9-1400-42f4-829c-91f1cfbd8b49,2026-07-26,5.1335
01c6acc9-1400-42f4-829c-91f1cfbd8b49,2026-07-27,3.2704
01c6acc9-1400-42f4-829c-91f1cfbd8b49,2026-07-28,3.1813
01c6acc9-1400-42f4-829c-91f1cfbd8b49,2026-07-29,3.8546
01c6acc9-1400-42f4-829c-91f1cfbd8b49,2026-07-30,4.0611
063eeacc-9bf4-45e2-8df2-8263bdf63b00,2026-07-01,0.2656
063eeacc-9bf4-45e2-8df2-8263bdf63b00,2026-07-02,0.244
063eeacc-9bf4-45e2-8df2-8263bdf63b00,2026-07-03,0.2753
063eeacc-9bf4-45e2-8df2-8263bdf63b00,2026-07-04,0.3368
063eeacc-9bf4-45e2-8df2-8263bdf63b00,2026-07-05,0.3615
063eeacc-9bf4-45e2-8df2-8263bdf63b00,2026-07-06,0.249
063eeacc-9bf4-45e2-8df2-8263bdf63b00,2026-07-07,0.2349
063eeacc-9bf4-45e2-8df2-8263bdf63b00,2026-07-08,0.2199
063eeacc-9bf4-45e2-8df2-8263bdf63b00,2026-07-09,0.2197
063eeacc-9bf4-45e2-8df2-8263bdf63b00,2026-07-10,0.2399
063eeacc-9bf4-45e2-8df2-8263bdf63b00,2026-07-11,0.3401
063eeacc-9bf4-45e2-8df2-8263bdf63b00,2026-07-12,0.3273
063eeacc-9bf4-45e2-8df2-8263bdf63b00,2026-07-13,0.3492
063eeacc-9bf4-45e2-8df2-8263bdf63b00,2026-07-14,1.0815
063eeacc-9bf4-45e2-8df2-8263bdf63b00,2026-07-15,0.796
063eeacc-9bf4-45e2-8df2-8263bdf63b00,2026-07-16,1.5122
063eeacc-9bf4-45e2-8df2-8263bdf63b00,2026-07-17,0.687
063eeacc-9bf4-45e2-8df2-8263bdf63b00,2026-07-18,0.6308
063eeacc-9bf4-45e2-8df2-8263bdf63b00,2026-07-19,0.6606
063eeacc-9bf4-45e2-8df2-8263bdf63b00,2026-07-20,1.5068
063eeacc-9bf4-45e2-8df2-8263bdf63b00,2026-07-21,3.051
063eeacc-9bf4-45e2-8df2-8263bdf63b00,2026-07-22,3.4081
063eeacc-9bf4-45e2-8df2-8263bdf63b00,2026-07-23,2.8779
063eeacc-9bf4-45e2-8df2-8263bdf63b00,2026-07-24,2.7096
063eeacc-9bf4-45e2-8df2-8263bdf63b00,2026-07-25,5.2568
063eeacc-9bf4-45e2-8df2-8263bdf63b00,2026-07-26,5.2151
063eeacc-9bf4-45e2-8df2-8263bdf63b00,2026-07-27,2.1831
063eeacc-9bf4-45e2-8df2-8263bdf63b00,2026-07-28,2.1267
063eeacc-9bf4-45e2-8df2-8263bdf63b00,2026-07-29,2.1521
063eeacc-9bf4-45e2-8df2-8263bdf63b00,2026-07-30,2.3333
12ddf895-8a9b-4006-b23c-37600868f296,2026-07-01,1.2455
12ddf895-8a9b-4006-b23c-37600868f296,2026-07-02,0.9522
12ddf895-8a9b-4006-b23c-37600868f296,2026-07-03,0.451
12ddf895-8a9b-4006-b23c-37600868f296,2026-07-04,0.6534
12ddf895-8a9b-4006-b23c-37600868f296,2026-07-05,0.8889
12ddf895-8a9b-4006-b23c-37600868f296,2026-07-06,0.8738
12ddf895-8a9b-4006-b23c-37600868f296,2026-07-07,1.3296
12ddf895-8a9b-4006-b23c-37600868f296,2026-07-08,1.2241
12ddf895-8a9b-4006-b23c-37600868f296,2026-07-09,2.3933
12ddf895-8a9b-4006-b23c-37600868f296,2026-07-10,1.6562
12ddf895-8a9b-4006-b23c-37600868f296,2026-07-11,3.021
12ddf895-8a9b-4006-b23c-37600868f296,2026-07-12,3.0865
12ddf895-8a9b-4006-b23c-37600868f296,2026-07-13,3.0605
12ddf895-8a9b-4006-b23c-37600868f296,2026-07-14,3.5354
12ddf895-8a9b-4006-b23c-37600868f296,2026-07-15,3.8106
12ddf895-8a9b-4006-b23c-37600868f296,2026-07-16,3.2816
12ddf895-8a9b-4006-b23c-37600868f296,2026-07-17,3.006
12ddf895-8a9b-4006-b23c-37600868f296,2026-07-18,3.8756
12ddf895-8a9b-4006-b23c-37600868f296,2026-07-19,6.2254
12ddf895-8a9b-4006-b23c-37600868f296,2026-07-20,2.3596
12ddf895-8a9b-4006-b23c-37600868f296,2026-07-21,3.5193
12ddf895-8a9b-4006-b23c-37600868f296,2026-07-22,2.6094
12ddf895-8a9b-4006-b23c-37600868f296,2026-07-23,2.151
12ddf895-8a9b-4006-b23c-37600868f296,2026-07-24,2.3277
12ddf895-8a9b-4006-b23c-37600868f296,2026-07-25,4.0895
12ddf895-8a9b-4006-b23c-37600868f296,2026-07-26,4.635
12ddf895-8a9b-4006-b23c-37600868f296,2026-07-27,3.8002
12ddf895-8a9b-4006-b23c-37600868f296,2026-07-28,3.2971
12ddf895-8a9b-4006-b23c-37600868f296,2026-07-29,3.7674
12ddf895-8a9b-4006-b23c-37600868f296,2026-07-30,3.7168
17ab0582-e8d9-4ac8-a231-d03bb44ffbc6,2026-07-01,0.5228
17ab0582-e8d9-4ac8-a231-d03bb44ffbc6,2026-07-02,0.5863
17ab0582-e8d9-4ac8-a231-d03bb44ffbc6,2026-07-03,0.5461
17ab0582-e8d9-4ac8-a231-d03bb44ffbc6,2026-07-04,0.4966
17ab0582-e8d9-4ac8-a231-d03bb44ffbc6,2026-07-05,0.6007
17ab0582-e8d9-4ac8-a231-d03bb44ffbc6,2026-07-06,1.0215
17ab0582-e8d9-4ac8-a231-d03bb44ffbc6,2026-07-07,1.0126
17ab0582-e8d9-4ac8-a231-d03bb44ffbc6,2026-07-08,0.8491
17ab0582-e8d9-4ac8-a231-d03bb44ffbc6,2026-07-09,0.6245
17ab0582-e8d9-4ac8-a231-d03bb44ffbc6,2026-07-10,0.5469
17ab0582-e8d9-4ac8-a231-d03bb44ffbc6,2026-07-11,0.6581
17ab0582-e8d9-4ac8-a231-d03bb44ffbc6,2026-07-12,0.6918
17ab0582-e8d9-4ac8-a231-d03bb44ffbc6,2026-07-13,2.672
17ab0582-e8d9-4ac8-a231-d03bb44ffbc6,2026-07-14,2.8081
17ab0582-e8d9-4ac8-a231-d03bb44ffbc6,2026-07-15,3.268
17ab0582-e8d9-4ac8-a231-d03bb44ffbc6,2026-07-16,2.7314
17ab0582-e8d9-4ac8-a231-d03bb44ffbc6,2026-07-17,3.1466
17ab0582-e8d9-4ac8-a231-d03bb44ffbc6,2026-07-18,5.0249
17ab0582-e8d9-4ac8-a231-d03bb44ffbc6,2026-07-19,5.0988
17ab0582-e8d9-4ac8-a231-d03bb44ffbc6,2026-07-20,2.3207
17ab0582-e8d9-4ac8-a231-d03bb44ffbc6,2026-07-21,2.5081
17ab0582-e8d9-4ac8-a231-d03bb44ffbc6,2026-07-22,2.4571
17ab0582-e8d9-4ac8-a231-d03bb44ffbc6,2026-07-23,2.3903
17ab0582-e8d9-4ac8-a231-d03bb44ffbc6,2026-07-24,2.2683
17ab0582-e8d9-4ac8-a231-d03bb44ffbc6,2026-07-25,5.2035
17ab0582-e8d9-4ac8-a231-d03bb44ffbc6,2026-07-26,4.965
17ab0582-e8d9-4ac8-a231-d03bb44ffbc6,2026-07-27,4.6528
17ab0582-e8d9-4ac8-a231-d03bb44ffbc6,2026-07-28,2.5113
17ab0582-e8d9-4ac8-a231-d03bb44ffbc6,2026-07-29,2.0795
17ab0582-e8d9-4ac8-a231-d03bb44ffbc6,2026-07-30,1.9709
18b35783-ca9b-48d7-90bf-a3ab2382414b,2026-07-01,0.6508
18b35783-ca9b-48d7-90bf-a3ab2382414b,2026-07-02,1.4799
18b35783-ca9b-48d7-90bf-a3ab2382414b,2026-07-03,0.5982
18b35783-ca9b-48d7-90bf-a3ab2382414b,2026-07-04,0.4742
18b35783-ca9b-48d7-90bf-a3ab2382414b,2026-07-05,0.465
18b35783-ca9b-48d7-90bf-a3ab2382414b,2026-07-06,1.1019
18b35783-ca9b-48d7-90bf-a3ab2382414b,2026-07-07,1.4027
18b35783-ca9b-48d7-90bf-a3ab2382414b,2026-07-08,0.8448
18b35783-ca9b-48d7-90bf-a3ab2382414b,2026-07-09,0.7402
18b35783-ca9b-48d7-90bf-a3ab2382414b,2026-07-10,0.5926
18b35783-ca9b-48d7-90bf-a3ab2382414b,2026-07-11,0.6291
18b35783-ca9b-48d7-90bf-a3ab2382414b,2026-07-12,0.592
18b35783-ca9b-48d7-90bf-a3ab2382414b,2026-07-13,1.5246
18b35783-ca9b-48d7-90bf-a3ab2382414b,2026-07-14,3.4679
18b35783-ca9b-48d7-90bf-a3ab2382414b,2026-07-15,3.2839
18b35783-ca9b-48d7-90bf-a3ab2382414b,2026-07-16,2.7568
18b35783-ca9b-48d7-90bf-a3ab2382414b,2026-07-17,2.6917
18b35783-ca9b-48d7-90bf-a3ab2382414b,2026-07-18,4.9265
18b35783-ca9b-48d7-90bf-a3ab2382414b,2026-07-19,5.2411
18b35783-ca9b-48d7-90bf-a3ab2382414b,2026-07-20,2.1322
18b35783-ca9b-48d7-90bf-a3ab2382414b,2026-07-21,2.6069
18b35783-ca9b-48d7-90bf-a3ab2382414b,2026-07-22,2.3322
18b35783-ca9b-48d7-90bf-a3ab2382414b,2026-07-23,2.3331
18b35783-ca9b-48d7-90bf-a3ab2382414b,2026-07-24,2.7091
18b35783-ca9b-48d7-90bf-a3ab2382414b,2026-07-25,5.443
18b35783-ca9b-48d7-90bf-a3ab2382414b,2026-07-26,4.1343
18b35783-ca9b-48d7-90bf-a3ab2382414b,2026-07-27,4.974
18b35783-ca9b-48d7-90bf-a3ab2382414b,2026-07-28,2.4113
18b35783-ca9b-48d7-90bf-a3ab2382414b,2026-07-29,2.2899
18b35783-ca9b-48d7-90bf-a3ab2382414b,2026-07-30,2.01
1f915cdc-e906-445b-b806-8f0567c0210b,2026-07-01,0.4544
1f915cdc-e906-445b-b806-8f0567c0210b,2026-07-02,0.4396
1f915cdc-e906-445b-b806-8f0567c0210b,2026-07-03,0.4682
1f915cdc-e906-445b-b806-8f0567c0210b,2026-07-04,0.4713
1f915cdc-e906-445b-b806-8f0567c0210b,2026-07-05,0.5812
1f915cdc-e906-445b-b806-8f0567c0210b,2026-07-06,0.4348
1f915cdc-e906-445b-b806-8f0567c0210b,2026-07-07,0.4991
1f915cdc-e906-445b-b806-8f0567c0210b,2026-07-08,0.4896
1f915cdc-e906-445b-b806-8f0567c0210b,2026-07-09,0.4514
1f915cdc-e906-445b-b806-8f0567c0210b,2026-07-10,0.4962
1f915cdc-e906-445b-b806-8f0567c0210b,2026-07-11,0.487
1f915cdc-e906-445b-b806-8f0567c0210b,2026-07-12,0.7688
1f915cdc-e906-445b-b806-8f0567c0210b,2026-07-13,0.633
1f915cdc-e906-445b-b806-8f0567c0210b,2026-07-14,1.5457
1f915cdc-e906-445b-b806-8f0567c0210b,2026-07-15,2.2345
1f915cdc-e906-445b-b806-8f0567c0210b,2026-07-16,1.9549
1f915cdc-e906-445b-b806-8f0567c0210b,2026-07-17,2.2151
1f915cdc-e906-445b-b806-8f0567c0210b,2026-07-18,2.1247
1f915cdc-e906-445b-b806-8f0567c0210b,2026-07-19,3.0021
1f915cdc-e906-445b-b806-8f0567c0210b,2026-07-20,3.1029
1f915cdc-e906-445b-b806-8f0567c0210b,2026-07-21,3.8264
1f915cdc-e906-445b-b806-8f0567c0210b,2026-07-22,3.9632
1f915cdc-e906-445b-b806-8f0567c0210b,2026-07-23,3.3934
1f915cdc-e906-445b-b806-8f0567c0210b,2026-07-24,3.0428
1f915cdc-e906-445b-b806-8f0567c0210b,2026-07-25,4.2171
1f915cdc-e906-445b-b806-8f0567c0210b,2026-07-26,8.813
1f915cdc-e906-445b-b806-8f0567c0210b,2026-07-27,4.9119
1f915cdc-e906-445b-b806-8f0567c0210b,2026-07-28,3.756
1f915cdc-e906-445b-b806-8f0567c0210b,2026-07-29,1.3647
1f915cdc-e906-445b-b806-8f0567c0210b,2026-07-30,0.8898
21562d69-4b11-401f-87e7-0e68f495df60,2026-07-01,1.1605
21562d69-4b11-401f-87e7-0e68f495df60,2026-07-02,0.9953
21562d69-4b11-401f-87e7-0e68f495df60,2026-07-03,0.8286
21562d69-4b11-401f-87e7-0e68f495df60,2026-07-04,1.0959
21562d69-4b11-401f-87e7-0e68f495df60,2026-07-05,0.6793
21562d69-4b11-401f-87e7-0e68f495df60,2026-07-06,0.6278
21562d69-4b11-401f-87e7-0e68f495df60,2026-07-07,0.5467
21562d69-4b11-401f-87e7-0e68f495df60,2026-07-08,0.4321
21562d69-4b11-401f-87e7-0e68f495df60,2026-07-09,0.4231
21562d69-4b11-401f-87e7-0e68f495df60,2026-07-10,0.5933
21562d69-4b11-401f-87e7-0e68f495df60,2026-07-11,0.6194
21562d69-4b11-401f-87e7-0e68f495df60,2026-07-12,0.4156
21562d69-4b11-401f-87e7-0e68f495df60,2026-07-13,0.4836
21562d69-4b11-401f-87e7-0e68f495df60,2026-07-14,0.5603
21562d69-4b11-401f-87e7-0e68f495df60,2026-07-15,0.8587
21562d69-4b11-401f-87e7-0e68f495df60,2026-07-16,0.8487
21562d69-4b11-401f-87e7-0e68f495df60,2026-07-17,2.1379
21562d69-4b11-401f-87e7-0e68f495df60,2026-07-18,2.6589
21562d69-4b11-401f-87e7-0e68f495df60,2026-07-19,2.1152
21562d69-4b11-401f-87e7-0e68f495df60,2026-07-20,1.6276
21562d69-4b11-401f-87e7-0e68f495df60,2026-07-21,2.9237
21562d69-4b11-401f-87e7-0e68f495df60,2026-07-22,3.7268
21562d69-4b11-401f-87e7-0e68f495df60,2026-07-23,3.704
21562d69-4b11-401f-87e7-0e68f495df60,2026-07-24,3.1909
21562d69-4b11-401f-87e7-0e68f495df60,2026-07-25,4.9753
21562d69-4b11-401f-87e7-0e68f495df60,2026-07-26,5.394
21562d69-4b11-401f-87e7-0e68f495df60,2026-07-27,2.1009
21562d69-4b11-401f-87e7-0e68f495df60,2026-07-28,3.4529
21562d69-4b11-401f-87e7-0e68f495df60,2026-07-29,3.2146
21562d69-4b11-401f-87e7-0e68f495df60,2026-07-30,3.1123
26bbfaea-7e94-40d0-bc6e-da3ac6b69e84,2026-07-01,1.7512
26bbfaea-7e94-40d0-bc6e-da3ac6b69e84,2026-07-02,0.6813
26bbfaea-7e94-40d0-bc6e-da3ac6b69e84,2026-07-03,0.8762
26bbfaea-7e94-40d0-bc6e-da3ac6b69e84,2026-07-04,0.7154
26bbfaea-7e94-40d0-bc6e-da3ac6b69e84,2026-07-05,0.6263
26bbfaea-7e94-40d0-bc6e-da3ac6b69e84,2026-07-06,0.5369
26bbfaea-7e94-40d0-bc6e-da3ac6b69e84,2026-07-07,0.4367
26bbfaea-7e94-40d0-bc6e-da3ac6b69e84,2026-07-08,0.7256
26bbfaea-7e94-40d0-bc6e-da3ac6b69e84,2026-07-09,0.574
26bbfaea-7e94-40d0-bc6e-da3ac6b69e84,2026-07-10,0.5096
26bbfaea-7e94-40d0-bc6e-da3ac6b69e84,2026-07-11,0.5679
26bbfaea-7e94-40d0-bc6e-da3ac6b69e84,2026-07-12,0.5454
26bbfaea-7e94-40d0-bc6e-da3ac6b69e84,2026-07-13,0.4713
26bbfaea-7e94-40d0-bc6e-da3ac6b69e84,2026-07-14,0.4441
26bbfaea-7e94-40d0-bc6e-da3ac6b69e84,2026-07-15,0.5899
26bbfaea-7e94-40d0-bc6e-da3ac6b69e84,2026-07-16,0.3917
26bbfaea-7e94-40d0-bc6e-da3ac6b69e84,2026-07-17,0.6751
26bbfaea-7e94-40d0-bc6e-da3ac6b69e84,2026-07-18,1.8534
26bbfaea-7e94-40d0-bc6e-da3ac6b69e84,2026-07-19,2.3069
26bbfaea-7e94-40d0-bc6e-da3ac6b69e84,2026-07-20,1.8781
26bbfaea-7e94-40d0-bc6e-da3ac6b69e84,2026-07-21,2.1606
26bbfaea-7e94-40d0-bc6e-da3ac6b69e84,2026-07-22,3.1843
26bbfaea-7e94-40d0-bc6e-da3ac6b69e84,2026-07-23,2.2618
26bbfaea-7e94-40d0-bc6e-da3ac6b69e84,2026-07-24,3.6573
26bbfaea-7e94-40d0-bc6e-da3ac6b69e84,2026-07-25,4.6045
26bbfaea-7e94-40d0-bc6e-da3ac6b69e84,2026-07-26,5.3454
26bbfaea-7e94-40d0-bc6e-da3ac6b69e84,2026-07-27,2.5552
26bbfaea-7e94-40d0-bc6e-da3ac6b69e84,2026-07-28,2.7815
26bbfaea-7e94-40d0-bc6e-da3ac6b69e84,2026-07-29,2.8931
26bbfaea-7e94-40d0-bc6e-da3ac6b69e84,2026-07-30,3.7306
28a24421-af07-4ec4-b263-fdc575a3d8cf,2026-07-01,0.4792
28a24421-af07-4ec4-b263-fdc575a3d8cf,2026-07-02,0.2422
28a24421-af07-4ec4-b263-fdc575a3d8cf,2026-07-03,0.2839
28a24421-af07-4ec4-b263-fdc575a3d8cf,2026-07-04,0.305
28a24421-af07-4ec4-b263-fdc575a3d8cf,2026-07-05,0.4704
28a24421-af07-4ec4-b263-fdc575a3d8cf,2026-07-06,0.3499
28a24421-af07-4ec4-b263-fdc575a3d8cf,2026-07-07,0.2348
28a24421-af07-4ec4-b263-fdc575a3d8cf,2026-07-08,0.2198
28a24421-af07-4ec4-b263-fdc575a3d8cf,2026-07-09,0.2176
28a24421-af07-4ec4-b263-fdc575a3d8cf,2026-07-10,0.2397
28a24421-af07-4ec4-b263-fdc575a3d8cf,2026-07-11,0.384
28a24421-af07-4ec4-b263-fdc575a3d8cf,2026-07-12,0.4089
28a24421-af07-4ec4-b263-fdc575a3d8cf,2026-07-13,0.358
28a24421-af07-4ec4-b263-fdc575a3d8cf,2026-07-14,0.243
28a24421-af07-4ec4-b263-fdc575a3d8cf,2026-07-15,0.228
28a24421-af07-4ec4-b263-fdc575a3d8cf,2026-07-16,0.8365
28a24421-af07-4ec4-b263-fdc575a3d8cf,2026-07-17,1.8574
28a24421-af07-4ec4-b263-fdc575a3d8cf,2026-07-18,0.5239
28a24421-af07-4ec4-b263-fdc575a3d8cf,2026-07-19,0.6568
28a24421-af07-4ec4-b263-fdc575a3d8cf,2026-07-20,1.5273
28a24421-af07-4ec4-b263-fdc575a3d8cf,2026-07-21,1.483
28a24421-af07-4ec4-b263-fdc575a3d8cf,2026-07-22,1.5527
28a24421-af07-4ec4-b263-fdc575a3d8cf,2026-07-23,2.6576
28a24421-af07-4ec4-b263-fdc575a3d8cf,2026-07-24,3.128
28a24421-af07-4ec4-b263-fdc575a3d8cf,2026-07-25,3.1581
28a24421-af07-4ec4-b263-fdc575a3d8cf,2026-07-26,6.4348
28a24421-af07-4ec4-b263-fdc575a3d8cf,2026-07-27,2.4691
28a24421-af07-4ec4-b263-fdc575a3d8cf,2026-07-28,2.4427
28a24421-af07-4ec4-b263-fdc575a3d8cf,2026-07-29,3.192
28a24421-af07-4ec4-b263-fdc575a3d8cf,2026-07-30,2.4088
2d491d2d-27a3-436b-a32c-f9ad9b2fde14,2026-07-01,0.6508
2d491d2d-27a3-436b-a32c-f9ad9b2fde14,2026-07-02,1.4799
2d491d2d-27a3-436b-a32c-f9ad9b2fde14,2026-07-03,0.5982
2d491d2d-27a3-436b-a32c-f9ad9b2fde14,2026-07-04,0.4742
2d491d2d-27a3-436b-a32c-f9ad9b2fde14,2026-07-05,0.465
2d491d2d-27a3-436b-a32c-f9ad9b2fde14,2026-07-06,1.1019
2d491d2d-27a3-436b-a32c-f9ad9b2fde14,2026-07-07,1.4027
2d491d2d-27a3-436b-a32c-f9ad9b2fde14,2026-07-08,0.8448
2d491d2d-27a3-436b-a32c-f9ad9b2fde14,2026-07-09,0.7402
2d491d2d-27a3-436b-a32c-f9ad9b2fde14,2026-07-10,0.5926
2d491d2d-27a3-436b-a32c-f9ad9b2fde14,2026-07-11,0.6291
2d491d2d-27a3-436b-a32c-f9ad9b2fde14,2026-07-12,0.592
2d491d2d-27a3-436b-a32c-f9ad9b2fde14,2026-07-13,1.5246
2d491d2d-27a3-436b-a32c-f9ad9b2fde14,2026-07-14,3.4679
2d491d2d-27a3-436b-a32c-f9ad9b2fde14,2026-07-15,3.2839
2d491d2d-27a3-436b-a32c-f9ad9b2fde14,2026-07-16,2.7568
2d491d2d-27a3-436b-a32c-f9ad9b2fde14,2026-07-17,2.6917
2d491d2d-27a3-436b-a32c-f9ad9b2fde14,2026-07-18,4.9265
2d491d2d-27a3-436b-a32c-f9ad9b2fde14,2026-07-19,5.2411
2d491d2d-27a3-436b-a32c-f9ad9b2fde14,2026-07-20,2.1322
2d491d2d-27a3-436b-a32c-f9ad9b2fde14,2026-07-21,2.6069
2d491d2d-27a3-436b-a32c-f9ad9b2fde14,2026-07-22,2.3322
2d491d2d-27a3-436b-a32c-f9ad9b2fde14,2026-07-23,2.3331
2d491d2d-27a3-436b-a32c-f9ad9b2fde14,2026-07-24,2.7091
2d491d2d-27a3-436b-a32c-f9ad9b2fde14,2026-07-25,5.443
2d491d2d-27a3-436b-a32c-f9ad9b2fde14,2026-07-26,4.1343
2d491d2d-27a3-436b-a32c-f9ad9b2fde14,2026-07-27,4.974
2d491d2d-27a3-436b-a32c-f9ad9b2fde14,2026-07-28,2.4113
2d491d2d-27a3-436b-a32c-f9ad9b2fde14,2026-07-29,2.2899
2d491d2d-27a3-436b-a32c-f9ad9b2fde14,2026-07-30,2.01
33a27557-0ecd-4c52-96e5-d8dd813a52f9,2026-07-01,0.2524
33a27557-0ecd-4c52-96e5-d8dd813a52f9,2026-07-02,0.2411
33a27557-0ecd-4c52-96e5-d8dd813a52f9,2026-07-03,0.2501
33a27557-0ecd-4c52-96e5-d8dd813a52f9,2026-07-04,0.6852
33a27557-0ecd-4c52-96e5-d8dd813a52f9,2026-07-05,0.6078
33a27557-0ecd-4c52-96e5-d8dd813a52f9,2026-07-06,0.3674
33a27557-0ecd-4c52-96e5-d8dd813a52f9,2026-07-07,0.2347
33a27557-0ecd-4c52-96e5-d8dd813a52f9,2026-07-08,0.2387
33a27557-0ecd-4c52-96e5-d8dd813a52f9,2026-07-09,0.5787
33a27557-0ecd-4c52-96e5-d8dd813a52f9,2026-07-10,0.6993
33a27557-0ecd-4c52-96e5-d8dd813a52f9,2026-07-11,0.6148
33a27557-0ecd-4c52-96e5-d8dd813a52f9,2026-07-12,0.6983
33a27557-0ecd-4c52-96e5-d8dd813a52f9,2026-07-13,1.1352
33a27557-0ecd-4c52-96e5-d8dd813a52f9,2026-07-14,1.2811
33a27557-0ecd-4c52-96e5-d8dd813a52f9,2026-07-15,1.2094
33a27557-0ecd-4c52-96e5-d8dd813a52f9,2026-07-16,2.22
33a27557-0ecd-4c52-96e5-d8dd813a52f9,2026-07-17,2.7451
33a27557-0ecd-4c52-96e5-d8dd813a52f9,2026-07-18,2.7313
33a27557-0ecd-4c52-96e5-d8dd813a52f9,2026-07-19,3.3605
33a27557-0ecd-4c52-96e5-d8dd813a52f9,2026-07-20,3.7718
33a27557-0ecd-4c52-96e5-d8dd813a52f9,2026-07-21,3.8476
33a27557-0ecd-4c52-96e5-d8dd813a52f9,2026-07-22,3.7632
33a27557-0ecd-4c52-96e5-d8dd813a52f9,2026-07-23,3.7008
33a27557-0ecd-4c52-96e5-d8dd813a52f9,2026-07-24,3.2436
33a27557-0ecd-4c52-96e5-d8dd813a52f9,2026-07-25,4.1837
33a27557-0ecd-4c52-96e5-d8dd813a52f9,2026-07-26,7.075
33a27557-0ecd-4c52-96e5-d8dd813a52f9,2026-07-27,2.6326
33a27557-0ecd-4c52-96e5-d8dd813a52f9,2026-07-28,2.6727
33a27557-0ecd-4c52-96e5-d8dd813a52f9,2026-07-29,2.845
33a27557-0ecd-4c52-96e5-d8dd813a52f9,2026-07-30,1.9007
3ccae975-fa81-4f75-afbd-471b3f219a30,2026-07-01,0.8586
3ccae975-fa81-4f75-afbd-471b3f219a30,2026-07-02,0.9569
3ccae975-fa81-4f75-afbd-471b3f219a30,2026-07-03,0.5071
3ccae975-fa81-4f75-afbd-471b3f219a30,2026-07-04,0.5161
3ccae975-fa81-4f75-afbd-471b3f219a30,2026-07-05,0.4377
3ccae975-fa81-4f75-afbd-471b3f219a30,2026-07-06,0.8647
3ccae975-fa81-4f75-afbd-471b3f219a30,2026-07-07,0.9307
3ccae975-fa81-4f75-afbd-471b3f219a30,2026-07-08,0.6318
3ccae975-fa81-4f75-afbd-471b3f219a30,2026-07-09,0.5482
3ccae975-fa81-4f75-afbd-471b3f219a30,2026-07-10,0.6408
3ccae975-fa81-4f75-afbd-471b3f219a30,2026-07-11,0.5746
3ccae975-fa81-4f75-afbd-471b3f219a30,2026-07-12,0.5542
3ccae975-fa81-4f75-afbd-471b3f219a30,2026-07-13,0.493
3ccae975-fa81-4f75-afbd-471b3f219a30,2026-07-14,0.453
3ccae975-fa81-4f75-afbd-471b3f219a30,2026-07-15,0.6571
3ccae975-fa81-4f75-afbd-471b3f219a30,2026-07-16,0.4632
3ccae975-fa81-4f75-afbd-471b3f219a30,2026-07-17,0.5083
3ccae975-fa81-4f75-afbd-471b3f219a30,2026-07-18,0.4437
3ccae975-fa81-4f75-afbd-471b3f219a30,2026-07-19,0.4714
3ccae975-fa81-4f75-afbd-471b3f219a30,2026-07-20,0.3912
3ccae975-fa81-4f75-afbd-471b3f219a30,2026-07-21,0.4276
3ccae975-fa81-4f75-afbd-471b3f219a30,2026-07-22,0.6537
3ccae975-fa81-4f75-afbd-471b3f219a30,2026-07-23,0.4232
3ccae975-fa81-4f75-afbd-471b3f219a30,2026-07-24,3.046
3ccae975-fa81-4f75-afbd-471b3f219a30,2026-07-25,1.891
3ccae975-fa81-4f75-afbd-471b3f219a30,2026-07-26,1.9049
3ccae975-fa81-4f75-afbd-471b3f219a30,2026-07-27,1.9255
3ccae975-fa81-4f75-afbd-471b3f219a30,2026-07-28,1.8465
3ccae975-fa81-4f75-afbd-471b3f219a30,2026-07-29,3.4312
3ccae975-fa81-4f75-afbd-471b3f219a30,2026-07-30,2.6655
4778519e-c602-4d30-bd92-32d575fe7b75,2026-07-01,0.6508
4778519e-c602-4d30-bd92-32d575fe7b75,2026-07-02,1.4799
4778519e-c602-4d30-bd92-32d575fe7b75,2026-07-03,0.5982
4778519e-c602-4d30-bd92-32d575fe7b75,2026-07-04,0.4742
4778519e-c602-4d30-bd92-32d575fe7b75,2026-07-05,0.465
4778519e-c602-4d30-bd92-32d575fe7b75,2026-07-06,1.1019
4778519e-c602-4d30-bd92-32d575fe7b75,2026-07-07,1.4027
4778519e-c602-4d30-bd92-32d575fe7b75,2026-07-08,0.8448
4778519e-c602-4d30-bd92-32d575fe7b75,2026-07-09,0.7402
4778519e-c602-4d30-bd92-32d575fe7b75,2026-07-10,0.5926
4778519e-c602-4d30-bd92-32d575fe7b75,2026-07-11,0.6291
4778519e-c602-4d30-bd92-32d575fe7b75,2026-07-12,0.592
4778519e-c602-4d30-bd92-32d575fe7b75,2026-07-13,1.5246
4778519e-c602-4d30-bd92-32d575fe7b75,2026-07-14,3.4679
4778519e-c602-4d30-bd92-32d575fe7b75,2026-07-15,3.2839
4778519e-c602-4d30-bd92-32d575fe7b75,2026-07-16,2.7568
4778519e-c602-4d30-bd92-32d575fe7b75,2026-07-17,2.6917
4778519e-c602-4d30-bd92-32d575fe7b75,2026-07-18,4.9265
4778519e-c602-4d30-bd92-32d575fe7b75,2026-07-19,5.2411
4778519e-c602-4d30-bd92-32d575fe7b75,2026-07-20,2.1322
4778519e-c602-4d30-bd92-32d575fe7b75,2026-07-21,2.6069
4778519e-c602-4d30-bd92-32d575fe7b75,2026-07-22,2.3322
4778519e-c602-4d30-bd92-32d575fe7b75,2026-07-23,2.3331
4778519e-c602-4d30-bd92-32d575fe7b75,2026-07-24,2.7091
4778519e-c602-4d30-bd92-32d575fe7b75,2026-07-25,5.443
4778519e-c602-4d30-bd92-32d575fe7b75,2026-07-26,4.1343
4778519e-c602-4d30-bd92-32d575fe7b75,2026-07-27,4.974
4778519e-c602-4d30-bd92-32d575fe7b75,2026-07-28,2.4113
4778519e-c602-4d30-bd92-32d575fe7b75,2026-07-29,2.2899
4778519e-c602-4d30-bd92-32d575fe7b75,2026-07-30,2.01
4ae100db-0f42-41d8-a5bc-10efa3de688f,2026-07-01,0.5228
4ae100db-0f42-41d8-a5bc-10efa3de688f,2026-07-02,0.5863
4ae100db-0f42-41d8-a5bc-10efa3de688f,2026-07-03,0.5586
4ae100db-0f42-41d8-a5bc-10efa3de688f,2026-07-04,0.5025
4ae100db-0f42-41d8-a5bc-10efa3de688f,2026-07-05,0.4915
4ae100db-0f42-41d8-a5bc-10efa3de688f,2026-07-06,0.8906
4ae100db-0f42-41d8-a5bc-10efa3de688f,2026-07-07,1.1536
4ae100db-0f42-41d8-a5bc-10efa3de688f,2026-07-08,0.8491
4ae100db-0f42-41d8-a5bc-10efa3de688f,2026-07-09,0.6245
4ae100db-0f42-41d8-a5bc-10efa3de688f,2026-07-10,0.5469
4ae100db-0f42-41d8-a5bc-10efa3de688f,2026-07-11,0.6446
4ae100db-0f42-41d8-a5bc-10efa3de688f,2026-07-12,0.6612
4ae100db-0f42-41d8-a5bc-10efa3de688f,2026-07-13,2.4856
4ae100db-0f42-41d8-a5bc-10efa3de688f,2026-07-14,3.239
4ae100db-0f42-41d8-a5bc-10efa3de688f,2026-07-15,3.3153
4ae100db-0f42-41d8-a5bc-10efa3de688f,2026-07-16,2.8903
4ae100db-0f42-41d8-a5bc-10efa3de688f,2026-07-17,3.1562
4ae100db-0f42-41d8-a5bc-10efa3de688f,2026-07-18,4.9182
4ae100db-0f42-41d8-a5bc-10efa3de688f,2026-07-19,5.1266
4ae100db-0f42-41d8-a5bc-10efa3de688f,2026-07-20,2.5873
4ae100db-0f42-41d8-a5bc-10efa3de688f,2026-07-21,2.3043
4ae100db-0f42-41d8-a5bc-10efa3de688f,2026-07-22,2.3264
4ae100db-0f42-41d8-a5bc-10efa3de688f,2026-07-23,2.4174
4ae100db-0f42-41d8-a5bc-10efa3de688f,2026-07-24,2.4062
4ae100db-0f42-41d8-a5bc-10efa3de688f,2026-07-25,4.9158
4ae100db-0f42-41d8-a5bc-10efa3de688f,2026-07-26,5.2112
4ae100db-0f42-41d8-a5bc-10efa3de688f,2026-07-27,4.2525
4ae100db-0f42-41d8-a5bc-10efa3de688f,2026-07-28,2.0822
4ae100db-0f42-41d8-a5bc-10efa3de688f,2026-07-29,1.8751
4ae100db-0f42-41d8-a5bc-10efa3de688f,2026-07-30,1.9709
4ae984b3-d5db-420d-b90c-7676830b42fd,2026-07-01,0.5228
4ae984b3-d5db-420d-b90c-7676830b42fd,2026-07-02,0.5863
4ae984b3-d5db-420d-b90c-7676830b42fd,2026-07-03,0.5586
4ae984b3-d5db-420d-b90c-7676830b42fd,2026-07-04,0.5025
4ae984b3-d5db-420d-b90c-7676830b42fd,2026-07-05,0.4915
4ae984b3-d5db-420d-b90c-7676830b42fd,2026-07-06,0.9198
4ae984b3-d5db-420d-b90c-7676830b42fd,2026-07-07,0.9903
4ae984b3-d5db-420d-b90c-7676830b42fd,2026-07-08,0.8491
4ae984b3-d5db-420d-b90c-7676830b42fd,2026-07-09,0.6352
4ae984b3-d5db-420d-b90c-7676830b42fd,2026-07-10,0.5469
4ae984b3-d5db-420d-b90c-7676830b42fd,2026-07-11,0.6446
4ae984b3-d5db-420d-b90c-7676830b42fd,2026-07-12,0.7138
4ae984b3-d5db-420d-b90c-7676830b42fd,2026-07-13,2.482
4ae984b3-d5db-420d-b90c-7676830b42fd,2026-07-14,3.0402
4ae984b3-d5db-420d-b90c-7676830b42fd,2026-07-15,3.2514
4ae984b3-d5db-420d-b90c-7676830b42fd,2026-07-16,2.6188
4ae984b3-d5db-420d-b90c-7676830b42fd,2026-07-17,3.1045
4ae984b3-d5db-420d-b90c-7676830b42fd,2026-07-18,5.0134
4ae984b3-d5db-420d-b90c-7676830b42fd,2026-07-19,5.0801
4ae984b3-d5db-420d-b90c-7676830b42fd,2026-07-20,2.6842
4ae984b3-d5db-420d-b90c-7676830b42fd,2026-07-21,2.3792
4ae984b3-d5db-420d-b90c-7676830b42fd,2026-07-22,2.3018
4ae984b3-d5db-420d-b90c-7676830b42fd,2026-07-23,2.4264
4ae984b3-d5db-420d-b90c-7676830b42fd,2026-07-24,2.0639
4ae984b3-d5db-420d-b90c-7676830b42fd,2026-07-25,4.441
4ae984b3-d5db-420d-b90c-7676830b42fd,2026-07-26,5.1551
4ae984b3-d5db-420d-b90c-7676830b42fd,2026-07-27,2.9388
4ae984b3-d5db-420d-b90c-7676830b42fd,2026-07-28,2.6182
4ae984b3-d5db-420d-b90c-7676830b42fd,2026-07-29,3.1063
4ae984b3-d5db-420d-b90c-7676830b42fd,2026-07-30,2.5528
4f29e567-a553-4429-8ac7-ab7c8562d7ff,2026-07-01,1.7512
4f29e567-a553-4429-8ac7-ab7c8562d7ff,2026-07-02,0.6813
4f29e567-a553-4429-8ac7-ab7c8562d7ff,2026-07-03,0.8762
4f29e567-a553-4429-8ac7-ab7c8562d7ff,2026-07-04,0.7154
4f29e567-a553-4429-8ac7-ab7c8562d7ff,2026-07-05,0.6263
4f29e567-a553-4429-8ac7-ab7c8562d7ff,2026-07-06,0.5369
4f29e567-a553-4429-8ac7-ab7c8562d7ff,2026-07-07,0.4367
4f29e567-a553-4429-8ac7-ab7c8562d7ff,2026-07-08,0.7256
4f29e567-a553-4429-8ac7-ab7c8562d7ff,2026-07-09,0.5494
4f29e567-a553-4429-8ac7-ab7c8562d7ff,2026-07-10,0.7156
4f29e567-a553-4429-8ac7-ab7c8562d7ff,2026-07-11,0.6797
4f29e567-a553-4429-8ac7-ab7c8562d7ff,2026-07-12,0.7233
4f29e567-a553-4429-8ac7-ab7c8562d7ff,2026-07-13,1.332
4f29e567-a553-4429-8ac7-ab7c8562d7ff,2026-07-14,1.4434
4f29e567-a553-4429-8ac7-ab7c8562d7ff,2026-07-15,3.4441
4f29e567-a553-4429-8ac7-ab7c8562d7ff,2026-07-16,2.9998
4f29e567-a553-4429-8ac7-ab7c8562d7ff,2026-07-17,3.0264
4f29e567-a553-4429-8ac7-ab7c8562d7ff,2026-07-18,5.3659
4f29e567-a553-4429-8ac7-ab7c8562d7ff,2026-07-19,5.4368
4f29e567-a553-4429-8ac7-ab7c8562d7ff,2026-07-20,2.1903
4f29e567-a553-4429-8ac7-ab7c8562d7ff,2026-07-21,2.1698
4f29e567-a553-4429-8ac7-ab7c8562d7ff,2026-07-22,2.9102
4f29e567-a553-4429-8ac7-ab7c8562d7ff,2026-07-23,2.2817
4f29e567-a553-4429-8ac7-ab7c8562d7ff,2026-07-24,2.0168
4f29e567-a553-4429-8ac7-ab7c8562d7ff,2026-07-25,4.5019
4f29e567-a553-4429-8ac7-ab7c8562d7ff,2026-07-26,4.8943
4f29e567-a553-4429-8ac7-ab7c8562d7ff,2026-07-27,1.7143
4f29e567-a553-4429-8ac7-ab7c8562d7ff,2026-07-28,2.9859
4f29e567-a553-4429-8ac7-ab7c8562d7ff,2026-07-29,2.4648
4f29e567-a553-4429-8ac7-ab7c8562d7ff,2026-07-30,2.408
51a59c0e-75f2-4354-ad3a-963492b6e1d2,2026-07-01,1.6001
51a59c0e-75f2-4354-ad3a-963492b6e1d2,2026-07-02,1.7076
51a59c0e-75f2-4354-ad3a-963492b6e1d2,2026-07-03,1.5745
51a59c0e-75f2-4354-ad3a-963492b6e1d2,2026-07-04,1.6902
51a59c0e-75f2-4354-ad3a-963492b6e1d2,2026-07-05,2.0285
51a59c0e-75f2-4354-ad3a-963492b6e1d2,2026-07-06,2.0827
51a59c0e-75f2-4354-ad3a-963492b6e1d2,2026-07-07,1.7659
51a59c0e-75f2-4354-ad3a-963492b6e1d2,2026-07-08,3.2902
51a59c0e-75f2-4354-ad3a-963492b6e1d2,2026-07-09,3.0433
51a59c0e-75f2-4354-ad3a-963492b6e1d2,2026-07-10,3.3672
51a59c0e-75f2-4354-ad3a-963492b6e1d2,2026-07-11,4.1003
51a59c0e-75f2-4354-ad3a-963492b6e1d2,2026-07-12,4.5233
51a59c0e-75f2-4354-ad3a-963492b6e1d2,2026-07-13,2.0968
51a59c0e-75f2-4354-ad3a-963492b6e1d2,2026-07-14,2.3401
51a59c0e-75f2-4354-ad3a-963492b6e1d2,2026-07-15,2.859
51a59c0e-75f2-4354-ad3a-963492b6e1d2,2026-07-16,2.6661
51a59c0e-75f2-4354-ad3a-963492b6e1d2,2026-07-17,2.5556
51a59c0e-75f2-4354-ad3a-963492b6e1d2,2026-07-18,4.39
51a59c0e-75f2-4354-ad3a-963492b6e1d2,2026-07-19,4.5199
51a59c0e-75f2-4354-ad3a-963492b6e1d2,2026-07-20,2.7178
51a59c0e-75f2-4354-ad3a-963492b6e1d2,2026-07-21,2.3139
51a59c0e-75f2-4354-ad3a-963492b6e1d2,2026-07-22,2.4652
51a59c0e-75f2-4354-ad3a-963492b6e1d2,2026-07-23,2.7605
51a59c0e-75f2-4354-ad3a-963492b6e1d2,2026-07-24,3.2186
51a59c0e-75f2-4354-ad3a-963492b6e1d2,2026-07-25,5.1489
51a59c0e-75f2-4354-ad3a-963492b6e1d2,2026-07-26,6.3928
51a59c0e-75f2-4354-ad3a-963492b6e1d2,2026-07-27,3.5693
51a59c0e-75f2-4354-ad3a-963492b6e1d2,2026-07-28,3.2505
51a59c0e-75f2-4354-ad3a-963492b6e1d2,2026-07-29,3.6892
51a59c0e-75f2-4354-ad3a-963492b6e1d2,2026-07-30,3.5128
5227d096-f152-4f19-ad7d-44114a7dfdb7,2026-07-01,0.4941
5227d096-f152-4f19-ad7d-44114a7dfdb7,2026-07-02,0.4959
5227d096-f152-4f19-ad7d-44114a7dfdb7,2026-07-03,0.3605
5227d096-f152-4f19-ad7d-44114a7dfdb7,2026-07-04,0.4751
5227d096-f152-4f19-ad7d-44114a7dfdb7,2026-07-05,0.4919
5227d096-f152-4f19-ad7d-44114a7dfdb7,2026-07-06,0.298
5227d096-f152-4f19-ad7d-44114a7dfdb7,2026-07-07,0.4213
5227d096-f152-4f19-ad7d-44114a7dfdb7,2026-07-08,0.5736
5227d096-f152-4f19-ad7d-44114a7dfdb7,2026-07-09,0.5004
5227d096-f152-4f19-ad7d-44114a7dfdb7,2026-07-10,0.5661
5227d096-f152-4f19-ad7d-44114a7dfdb7,2026-07-11,0.8069
5227d096-f152-4f19-ad7d-44114a7dfdb7,2026-07-12,0.6323
5227d096-f152-4f19-ad7d-44114a7dfdb7,2026-07-13,0.7956
5227d096-f152-4f19-ad7d-44114a7dfdb7,2026-07-14,0.9397
5227d096-f152-4f19-ad7d-44114a7dfdb7,2026-07-15,2.2784
5227d096-f152-4f19-ad7d-44114a7dfdb7,2026-07-16,0.8646
5227d096-f152-4f19-ad7d-44114a7dfdb7,2026-07-17,0.8421
5227d096-f152-4f19-ad7d-44114a7dfdb7,2026-07-18,1.0416
5227d096-f152-4f19-ad7d-44114a7dfdb7,2026-07-19,1.4025
5227d096-f152-4f19-ad7d-44114a7dfdb7,2026-07-20,2.0036
5227d096-f152-4f19-ad7d-44114a7dfdb7,2026-07-21,2.1548
5227d096-f152-4f19-ad7d-44114a7dfdb7,2026-07-22,2.5205
5227d096-f152-4f19-ad7d-44114a7dfdb7,2026-07-23,3.2577
5227d096-f152-4f19-ad7d-44114a7dfdb7,2026-07-24,3.4843
5227d096-f152-4f19-ad7d-44114a7dfdb7,2026-07-25,5.0954
5227d096-f152-4f19-ad7d-44114a7dfdb7,2026-07-26,5.064
5227d096-f152-4f19-ad7d-44114a7dfdb7,2026-07-27,2.7485
5227d096-f152-4f19-ad7d-44114a7dfdb7,2026-07-28,2.8861
5227d096-f152-4f19-ad7d-44114a7dfdb7,2026-07-29,2.836
5227d096-f152-4f19-ad7d-44114a7dfdb7,2026-07-30,4.5925
52eaafc4-27ab-4417-9de3-b77f74ace503,2026-07-01,0.4764
52eaafc4-27ab-4417-9de3-b77f74ace503,2026-07-02,0.4679
52eaafc4-27ab-4417-9de3-b77f74ace503,2026-07-03,0.4994
52eaafc4-27ab-4417-9de3-b77f74ace503,2026-07-04,0.5443
52eaafc4-27ab-4417-9de3-b77f74ace503,2026-07-05,0.6402
52eaafc4-27ab-4417-9de3-b77f74ace503,2026-07-06,0.6017
52eaafc4-27ab-4417-9de3-b77f74ace503,2026-07-07,0.5945
52eaafc4-27ab-4417-9de3-b77f74ace503,2026-07-08,1.2951
52eaafc4-27ab-4417-9de3-b77f74ace503,2026-07-09,0.9736
52eaafc4-27ab-4417-9de3-b77f74ace503,2026-07-10,0.6106
52eaafc4-27ab-4417-9de3-b77f74ace503,2026-07-11,0.5779
52eaafc4-27ab-4417-9de3-b77f74ace503,2026-07-12,0.6035
52eaafc4-27ab-4417-9de3-b77f74ace503,2026-07-13,1.4255
52eaafc4-27ab-4417-9de3-b77f74ace503,2026-07-14,1.4243
52eaafc4-27ab-4417-9de3-b77f74ace503,2026-07-15,2.7581
52eaafc4-27ab-4417-9de3-b77f74ace503,2026-07-16,3.0159
52eaafc4-27ab-4417-9de3-b77f74ace503,2026-07-17,3.1734
52eaafc4-27ab-4417-9de3-b77f74ace503,2026-07-18,3.3918
52eaafc4-27ab-4417-9de3-b77f74ace503,2026-07-19,6.3497
52eaafc4-27ab-4417-9de3-b77f74ace503,2026-07-20,2.6523
52eaafc4-27ab-4417-9de3-b77f74ace503,2026-07-21,2.1577
52eaafc4-27ab-4417-9de3-b77f74ace503,2026-07-22,2.3952
52eaafc4-27ab-4417-9de3-b77f74ace503,2026-07-23,2.1296
52eaafc4-27ab-4417-9de3-b77f74ace503,2026-07-24,2.6964
52eaafc4-27ab-4417-9de3-b77f74ace503,2026-07-25,3.6408
52eaafc4-27ab-4417-9de3-b77f74ace503,2026-07-26,5.9253
52eaafc4-27ab-4417-9de3-b77f74ace503,2026-07-27,2.0165
52eaafc4-27ab-4417-9de3-b77f74ace503,2026-07-28,1.8309
52eaafc4-27ab-4417-9de3-b77f74ace503,2026-07-29,2.8088
52eaafc4-27ab-4417-9de3-b77f74ace503,2026-07-30,2.5317
56d918b9-db7c-4e66-ad94-0d0212a04ba1,2026-07-01,0.5498
56d918b9-db7c-4e66-ad94-0d0212a04ba1,2026-07-02,0.4642
56d918b9-db7c-4e66-ad94-0d0212a04ba1,2026-07-03,0.464
56d918b9-db7c-4e66-ad94-0d0212a04ba1,2026-07-04,0.4952
56d918b9-db7c-4e66-ad94-0d0212a04ba1,2026-07-05,0.4971
56d918b9-db7c-4e66-ad94-0d0212a04ba1,2026-07-06,0.532
56d918b9-db7c-4e66-ad94-0d0212a04ba1,2026-07-07,0.5114
56d918b9-db7c-4e66-ad94-0d0212a04ba1,2026-07-08,2.711
56d918b9-db7c-4e66-ad94-0d0212a04ba1,2026-07-09,1.4079
56d918b9-db7c-4e66-ad94-0d0212a04ba1,2026-07-10,1.6627
56d918b9-db7c-4e66-ad94-0d0212a04ba1,2026-07-11,0.569
56d918b9-db7c-4e66-ad94-0d0212a04ba1,2026-07-12,0.7868
56d918b9-db7c-4e66-ad94-0d0212a04ba1,2026-07-13,2.2841
56d918b9-db7c-4e66-ad94-0d0212a04ba1,2026-07-14,2.7883
56d918b9-db7c-4e66-ad94-0d0212a04ba1,2026-07-15,3.5473
56d918b9-db7c-4e66-ad94-0d0212a04ba1,2026-07-16,3.4313
56d918b9-db7c-4e66-ad94-0d0212a04ba1,2026-07-17,3.092
56d918b9-db7c-4e66-ad94-0d0212a04ba1,2026-07-18,4.7064
56d918b9-db7c-4e66-ad94-0d0212a04ba1,2026-07-19,5.3098
56d918b9-db7c-4e66-ad94-0d0212a04ba1,2026-07-20,2.5816
56d918b9-db7c-4e66-ad94-0d0212a04ba1,2026-07-21,2.3838
56d918b9-db7c-4e66-ad94-0d0212a04ba1,2026-07-22,2.549
56d918b9-db7c-4e66-ad94-0d0212a04ba1,2026-07-23,2.4301
56d918b9-db7c-4e66-ad94-0d0212a04ba1,2026-07-24,3.7997
56d918b9-db7c-4e66-ad94-0d0212a04ba1,2026-07-25,4.3758
56d918b9-db7c-4e66-ad94-0d0212a04ba1,2026-07-26,5.0142
56d918b9-db7c-4e66-ad94-0d0212a04ba1,2026-07-27,2.829
56d918b9-db7c-4e66-ad94-0d0212a04ba1,2026-07-28,2.2724
56d918b9-db7c-4e66-ad94-0d0212a04ba1,2026-07-29,2.2807
56d918b9-db7c-4e66-ad94-0d0212a04ba1,2026-07-30,2.6839
5e5798bf-d98b-4498-95cc-ac798983346a,2026-07-01,0.6508
5e5798bf-d98b-4498-95cc-ac798983346a,2026-07-02,1.4799
5e5798bf-d98b-4498-95cc-ac798983346a,2026-07-03,0.5982
5e5798bf-d98b-4498-95cc-ac798983346a,2026-07-04,0.4742
5e5798bf-d98b-4498-95cc-ac798983346a,2026-07-05,0.465
5e5798bf-d98b-4498-95cc-ac798983346a,2026-07-06,1.1019
5e5798bf-d98b-4498-95cc-ac798983346a,2026-07-07,1.4027
5e5798bf-d98b-4498-95cc-ac798983346a,2026-07-08,0.8448
5e5798bf-d98b-4498-95cc-ac798983346a,2026-07-09,0.7402
5e5798bf-d98b-4498-95cc-ac798983346a,2026-07-10,0.5926
5e5798bf-d98b-4498-95cc-ac798983346a,2026-07-11,0.6291
5e5798bf-d98b-4498-95cc-ac798983346a,2026-07-12,0.592
5e5798bf-d98b-4498-95cc-ac798983346a,2026-07-13,1.5246
5e5798bf-d98b-4498-95cc-ac798983346a,2026-07-14,3.4679
5e5798bf-d98b-4498-95cc-ac798983346a,2026-07-15,3.2839
5e5798bf-d98b-4498-95cc-ac798983346a,2026-07-16,2.7568
5e5798bf-d98b-4498-95cc-ac798983346a,2026-07-17,2.6917
5e5798bf-d98b-4498-95cc-ac798983346a,2026-07-18,4.9265
5e5798bf-d98b-4498-95cc-ac798983346a,2026-07-19,5.2411
5e5798bf-d98b-4498-95cc-ac798983346a,2026-07-20,2.1322
5e5798bf-d98b-4498-95cc-ac798983346a,2026-07-21,2.6069
5e5798bf-d98b-4498-95cc-ac798983346a,2026-07-22,2.3322
5e5798bf-d98b-4498-95cc-ac798983346a,2026-07-23,2.3331
5e5798bf-d98b-4498-95cc-ac798983346a,2026-07-24,2.7091
5e5798bf-d98b-4498-95cc-ac798983346a,2026-07-25,5.443
5e5798bf-d98b-4498-95cc-ac798983346a,2026-07-26,4.1343
5e5798bf-d98b-4498-95cc-ac798983346a,2026-07-27,4.974
5e5798bf-d98b-4498-95cc-ac798983346a,2026-07-28,2.4113
5e5798bf-d98b-4498-95cc-ac798983346a,2026-07-29,2.2899
5e5798bf-d98b-4498-95cc-ac798983346a,2026-07-30,2.01
5ef37f1b-a510-4947-bd28-39059f19d78e,2026-07-01,1.7512
5ef37f1b-a510-4947-bd28-39059f19d78e,2026-07-02,0.6813
5ef37f1b-a510-4947-bd28-39059f19d78e,2026-07-03,0.8762
5ef37f1b-a510-4947-bd28-39059f19d78e,2026-07-04,0.7154
5ef37f1b-a510-4947-bd28-39059f19d78e,2026-07-05,0.6263
5ef37f1b-a510-4947-bd28-39059f19d78e,2026-07-06,0.5369
5ef37f1b-a510-4947-bd28-39059f19d78e,2026-07-07,0.4367
5ef37f1b-a510-4947-bd28-39059f19d78e,2026-07-08,0.7256
5ef37f1b-a510-4947-bd28-39059f19d78e,2026-07-09,0.574
5ef37f1b-a510-4947-bd28-39059f19d78e,2026-07-10,0.5096
5ef37f1b-a510-4947-bd28-39059f19d78e,2026-07-11,0.5679
5ef37f1b-a510-4947-bd28-39059f19d78e,2026-07-12,0.5454
5ef37f1b-a510-4947-bd28-39059f19d78e,2026-07-13,0.5351
5ef37f1b-a510-4947-bd28-39059f19d78e,2026-07-14,1.1691
5ef37f1b-a510-4947-bd28-39059f19d78e,2026-07-15,1.1765
5ef37f1b-a510-4947-bd28-39059f19d78e,2026-07-16,2.1835
5ef37f1b-a510-4947-bd28-39059f19d78e,2026-07-17,2.9642
5ef37f1b-a510-4947-bd28-39059f19d78e,2026-07-18,2.8506
5ef37f1b-a510-4947-bd28-39059f19d78e,2026-07-19,3.0153
5ef37f1b-a510-4947-bd28-39059f19d78e,2026-07-20,3.0814
5ef37f1b-a510-4947-bd28-39059f19d78e,2026-07-21,3.6925
5ef37f1b-a510-4947-bd28-39059f19d78e,2026-07-22,3.6897
5ef37f1b-a510-4947-bd28-39059f19d78e,2026-07-23,3.5416
5ef37f1b-a510-4947-bd28-39059f19d78e,2026-07-24,3.7369
5ef37f1b-a510-4947-bd28-39059f19d78e,2026-07-25,4.7037
5ef37f1b-a510-4947-bd28-39059f19d78e,2026-07-26,6.5224
5ef37f1b-a510-4947-bd28-39059f19d78e,2026-07-27,2.4096
5ef37f1b-a510-4947-bd28-39059f19d78e,2026-07-28,2.5652
5ef37f1b-a510-4947-bd28-39059f19d78e,2026-07-29,2.4925
5ef37f1b-a510-4947-bd28-39059f19d78e,2026-07-30,1.9707
64060bd7-facb-4233-a66a-e0ddf6689177,2026-07-01,0.353
64060bd7-facb-4233-a66a-e0ddf6689177,2026-07-02,0.3221
64060bd7-facb-4233-a66a-e0ddf6689177,2026-07-03,0.3126
64060bd7-facb-4233-a66a-e0ddf6689177,2026-07-04,0.3113
64060bd7-facb-4233-a66a-e0ddf6689177,2026-07-05,0.3665
64060bd7-facb-4233-a66a-e0ddf6689177,2026-07-06,0.3874
64060bd7-facb-4233-a66a-e0ddf6689177,2026-07-07,0.3008
64060bd7-facb-4233-a66a-e0ddf6689177,2026-07-08,0.4506
64060bd7-facb-4233-a66a-e0ddf6689177,2026-07-09,0.4939
64060bd7-facb-4233-a66a-e0ddf6689177,2026-07-10,0.7819
64060bd7-facb-4233-a66a-e0ddf6689177,2026-07-11,1.3566
64060bd7-facb-4233-a66a-e0ddf6689177,2026-07-12,0.7332
64060bd7-facb-4233-a66a-e0ddf6689177,2026-07-13,0.6191
64060bd7-facb-4233-a66a-e0ddf6689177,2026-07-14,0.4894
64060bd7-facb-4233-a66a-e0ddf6689177,2026-07-15,0.5125
64060bd7-facb-4233-a66a-e0ddf6689177,2026-07-16,0.3398
64060bd7-facb-4233-a66a-e0ddf6689177,2026-07-17,0.4106
64060bd7-facb-4233-a66a-e0ddf6689177,2026-07-18,0.4196
64060bd7-facb-4233-a66a-e0ddf6689177,2026-07-19,0.4462
64060bd7-facb-4233-a66a-e0ddf6689177,2026-07-20,0.4486
64060bd7-facb-4233-a66a-e0ddf6689177,2026-07-21,0.3677
64060bd7-facb-4233-a66a-e0ddf6689177,2026-07-22,0.3725
64060bd7-facb-4233-a66a-e0ddf6689177,2026-07-23,0.3308
64060bd7-facb-4233-a66a-e0ddf6689177,2026-07-24,0.8721
64060bd7-facb-4233-a66a-e0ddf6689177,2026-07-25,2.1655
64060bd7-facb-4233-a66a-e0ddf6689177,2026-07-26,2.0191
64060bd7-facb-4233-a66a-e0ddf6689177,2026-07-27,3.0405
64060bd7-facb-4233-a66a-e0ddf6689177,2026-07-28,2.0149
64060bd7-facb-4233-a66a-e0ddf6689177,2026-07-29,2.0029
64060bd7-facb-4233-a66a-e0ddf6689177,2026-07-30,2.1368
67341469-048d-4059-8974-9e3e733a1163,2026-07-01,0.6508
67341469-048d-4059-8974-9e3e733a1163,2026-07-02,1.4799
67341469-048d-4059-8974-9e3e733a1163,2026-07-03,0.5982
67341469-048d-4059-8974-9e3e733a1163,2026-07-04,0.4742
67341469-048d-4059-8974-9e3e733a1163,2026-07-05,0.465
67341469-048d-4059-8974-9e3e733a1163,2026-07-06,1.1019
67341469-048d-4059-8974-9e3e733a1163,2026-07-07,1.4027
67341469-048d-4059-8974-9e3e733a1163,2026-07-08,0.8448
67341469-048d-4059-8974-9e3e733a1163,2026-07-09,0.7402
67341469-048d-4059-8974-9e3e733a1163,2026-07-10,0.5926
67341469-048d-4059-8974-9e3e733a1163,2026-07-11,0.6291
67341469-048d-4059-8974-9e3e733a1163,2026-07-12,0.592
67341469-048d-4059-8974-9e3e733a1163,2026-07-13,1.5246
67341469-048d-4059-8974-9e3e733a1163,2026-07-14,3.4679
67341469-048d-4059-8974-9e3e733a1163,2026-07-15,3.2839
67341469-048d-4059-8974-9e3e733a1163,2026-07-16,2.7568
67341469-048d-4059-8974-9e3e733a1163,2026-07-17,2.6917
67341469-048d-4059-8974-9e3e733a1163,2026-07-18,4.9265
67341469-048d-4059-8974-9e3e733a1163,2026-07-19,5.2411
67341469-048d-4059-8974-9e3e733a1163,2026-07-20,2.1322
67341469-048d-4059-8974-9e3e733a1163,2026-07-21,2.6069
67341469-048d-4059-8974-9e3e733a1163,2026-07-22,2.3322
67341469-048d-4059-8974-9e3e733a1163,2026-07-23,2.3331
67341469-048d-4059-8974-9e3e733a1163,2026-07-24,2.7091
67341469-048d-4059-8974-9e3e733a1163,2026-07-25,5.443
67341469-048d-4059-8974-9e3e733a1163,2026-07-26,4.1343
67341469-048d-4059-8974-9e3e733a1163,2026-07-27,4.974
67341469-048d-4059-8974-9e3e733a1163,2026-07-28,2.4113
67341469-048d-4059-8974-9e3e733a1163,2026-07-29,2.2899
67341469-048d-4059-8974-9e3e733a1163,2026-07-30,2.01
689259f3-9cf3-4b29-9a81-58cc29a5aa73,2026-07-01,0.3713
689259f3-9cf3-4b29-9a81-58cc29a5aa73,2026-07-02,0.3746
689259f3-9cf3-4b29-9a81-58cc29a5aa73,2026-07-03,0.2102
689259f3-9cf3-4b29-9a81-58cc29a5aa73,2026-07-04,0.5042
689259f3-9cf3-4b29-9a81-58cc29a5aa73,2026-07-05,0.9077
689259f3-9cf3-4b29-9a81-58cc29a5aa73,2026-07-06,0.7957
689259f3-9cf3-4b29-9a81-58cc29a5aa73,2026-07-07,1.247
689259f3-9cf3-4b29-9a81-58cc29a5aa73,2026-07-08,1.1675
689259f3-9cf3-4b29-9a81-58cc29a5aa73,2026-07-09,1.4253
689259f3-9cf3-4b29-9a81-58cc29a5aa73,2026-07-10,2.2677
689259f3-9cf3-4b29-9a81-58cc29a5aa73,2026-07-11,2.0022
689259f3-9cf3-4b29-9a81-58cc29a5aa73,2026-07-12,2.138
689259f3-9cf3-4b29-9a81-58cc29a5aa73,2026-07-13,1.5927
689259f3-9cf3-4b29-9a81-58cc29a5aa73,2026-07-14,2.1598
689259f3-9cf3-4b29-9a81-58cc29a5aa73,2026-07-15,2.4475
689259f3-9cf3-4b29-9a81-58cc29a5aa73,2026-07-16,3.223
689259f3-9cf3-4b29-9a81-58cc29a5aa73,2026-07-17,1.6991
689259f3-9cf3-4b29-9a81-58cc29a5aa73,2026-07-18,3.7059
689259f3-9cf3-4b29-9a81-58cc29a5aa73,2026-07-19,3.7203
689259f3-9cf3-4b29-9a81-58cc29a5aa73,2026-07-20,1.4426
689259f3-9cf3-4b29-9a81-58cc29a5aa73,2026-07-21,1.4638
689259f3-9cf3-4b29-9a81-58cc29a5aa73,2026-07-22,1.5415
689259f3-9cf3-4b29-9a81-58cc29a5aa73,2026-07-23,3.0002
689259f3-9cf3-4b29-9a81-58cc29a5aa73,2026-07-24,2.2588
689259f3-9cf3-4b29-9a81-58cc29a5aa73,2026-07-25,4.5879
689259f3-9cf3-4b29-9a81-58cc29a5aa73,2026-07-26,4.9401
689259f3-9cf3-4b29-9a81-58cc29a5aa73,2026-07-27,2.2222
689259f3-9cf3-4b29-9a81-58cc29a5aa73,2026-07-28,4.1307
689259f3-9cf3-4b29-9a81-58cc29a5aa73,2026-07-29,2.6439
689259f3-9cf3-4b29-9a81-58cc29a5aa73,2026-07-30,3.5101
69558ba3-aec3-44ee-b061-dfc8793e2947,2026-07-01,0.4083
69558ba3-aec3-44ee-b061-dfc8793e2947,2026-07-02,0.8859
69558ba3-aec3-44ee-b061-dfc8793e2947,2026-07-03,1.7945
69558ba3-aec3-44ee-b061-dfc8793e2947,2026-07-04,0.8746
69558ba3-aec3-44ee-b061-dfc8793e2947,2026-07-05,0.4327
69558ba3-aec3-44ee-b061-dfc8793e2947,2026-07-06,0.4465
69558ba3-aec3-44ee-b061-dfc8793e2947,2026-07-07,0.549
69558ba3-aec3-44ee-b061-dfc8793e2947,2026-07-08,0.3674
69558ba3-aec3-44ee-b061-dfc8793e2947,2026-07-09,0.4278
69558ba3-aec3-44ee-b061-dfc8793e2947,2026-07-10,0.6126
69558ba3-aec3-44ee-b061-dfc8793e2947,2026-07-11,0.6345
69558ba3-aec3-44ee-b061-dfc8793e2947,2026-07-12,1.0666
69558ba3-aec3-44ee-b061-dfc8793e2947,2026-07-13,0.4154
69558ba3-aec3-44ee-b061-dfc8793e2947,2026-07-14,0.4666
69558ba3-aec3-44ee-b061-dfc8793e2947,2026-07-15,0.4506
69558ba3-aec3-44ee-b061-dfc8793e2947,2026-07-16,0.4637
69558ba3-aec3-44ee-b061-dfc8793e2947,2026-07-17,0.3958
69558ba3-aec3-44ee-b061-dfc8793e2947,2026-07-18,0.8122
69558ba3-aec3-44ee-b061-dfc8793e2947,2026-07-19,1.1399
69558ba3-aec3-44ee-b061-dfc8793e2947,2026-07-20,0.9328
69558ba3-aec3-44ee-b061-dfc8793e2947,2026-07-21,0.8401
69558ba3-aec3-44ee-b061-dfc8793e2947,2026-07-22,0.7705
69558ba3-aec3-44ee-b061-dfc8793e2947,2026-07-23,1.918
69558ba3-aec3-44ee-b061-dfc8793e2947,2026-07-24,1.8492
69558ba3-aec3-44ee-b061-dfc8793e2947,2026-07-25,3.1675
69558ba3-aec3-44ee-b061-dfc8793e2947,2026-07-26,2.9412
69558ba3-aec3-44ee-b061-dfc8793e2947,2026-07-27,2.8744
69558ba3-aec3-44ee-b061-dfc8793e2947,2026-07-28,3.5444
69558ba3-aec3-44ee-b061-dfc8793e2947,2026-07-29,3.8103
69558ba3-aec3-44ee-b061-dfc8793e2947,2026-07-30,3.3317
6a57d40b-a021-463a-ab17-3ab1010c2ea9,2026-07-01,0.6508
6a57d40b-a021-463a-ab17-3ab1010c2ea9,2026-07-02,1.4799
6a57d40b-a021-463a-ab17-3ab1010c2ea9,2026-07-03,0.5982
6a57d40b-a021-463a-ab17-3ab1010c2ea9,2026-07-04,0.4742
6a57d40b-a021-463a-ab17-3ab1010c2ea9,2026-07-05,0.465
6a57d40b-a021-463a-ab17-3ab1010c2ea9,2026-07-06,1.1019
6a57d40b-a021-463a-ab17-3ab1010c2ea9,2026-07-07,1.4027
6a57d40b-a021-463a-ab17-3ab1010c2ea9,2026-07-08,0.8448
6a57d40b-a021-463a-ab17-3ab1010c2ea9,2026-07-09,0.7402
6a57d40b-a021-463a-ab17-3ab1010c2ea9,2026-07-10,0.5926
6a57d40b-a021-463a-ab17-3ab1010c2ea9,2026-07-11,0.6291
6a57d40b-a021-463a-ab17-3ab1010c2ea9,2026-07-12,0.592
6a57d40b-a021-463a-ab17-3ab1010c2ea9,2026-07-13,1.5246
6a57d40b-a021-463a-ab17-3ab1010c2ea9,2026-07-14,3.4679
6a57d40b-a021-463a-ab17-3ab1010c2ea9,2026-07-15,3.2839
6a57d40b-a021-463a-ab17-3ab1010c2ea9,2026-07-16,2.7568
6a57d40b-a021-463a-ab17-3ab1010c2ea9,2026-07-17,2.6917
6a57d40b-a021-463a-ab17-3ab1010c2ea9,2026-07-18,4.9265
6a57d40b-a021-463a-ab17-3ab1010c2ea9,2026-07-19,5.2411
6a57d40b-a021-463a-ab17-3ab1010c2ea9,2026-07-20,2.1322
6a57d40b-a021-463a-ab17-3ab1010c2ea9,2026-07-21,2.6069
6a57d40b-a021-463a-ab17-3ab1010c2ea9,2026-07-22,2.3322
6a57d40b-a021-463a-ab17-3ab1010c2ea9,2026-07-23,2.3331
6a57d40b-a021-463a-ab17-3ab1010c2ea9,2026-07-24,2.7091
6a57d40b-a021-463a-ab17-3ab1010c2ea9,2026-07-25,5.443
6a57d40b-a021-463a-ab17-3ab1010c2ea9,2026-07-26,4.1343
6a57d40b-a021-463a-ab17-3ab1010c2ea9,2026-07-27,4.974
6a57d40b-a021-463a-ab17-3ab1010c2ea9,2026-07-28,2.4113
6a57d40b-a021-463a-ab17-3ab1010c2ea9,2026-07-29,2.2899
6a57d40b-a021-463a-ab17-3ab1010c2ea9,2026-07-30,2.01
7afd3640-8b2a-4341-bdaf-c563bb9e378d,2026-07-01,0.6508
7afd3640-8b2a-4341-bdaf-c563bb9e378d,2026-07-02,1.4799
7afd3640-8b2a-4341-bdaf-c563bb9e378d,2026-07-03,0.5982
7afd3640-8b2a-4341-bdaf-c563bb9e378d,2026-07-04,0.4742
7afd3640-8b2a-4341-bdaf-c563bb9e378d,2026-07-05,0.465
7afd3640-8b2a-4341-bdaf-c563bb9e378d,2026-07-06,1.1019
7afd3640-8b2a-4341-bdaf-c563bb9e378d,2026-07-07,1.4027
7afd3640-8b2a-4341-bdaf-c563bb9e378d,2026-07-08,0.8448
7afd3640-8b2a-4341-bdaf-c563bb9e378d,2026-07-09,0.7402
7afd3640-8b2a-4341-bdaf-c563bb9e378d,2026-07-10,0.5926
7afd3640-8b2a-4341-bdaf-c563bb9e378d,2026-07-11,0.6291
7afd3640-8b2a-4341-bdaf-c563bb9e378d,2026-07-12,0.592
7afd3640-8b2a-4341-bdaf-c563bb9e378d,2026-07-13,1.5246
7afd3640-8b2a-4341-bdaf-c563bb9e378d,2026-07-14,3.4679
7afd3640-8b2a-4341-bdaf-c563bb9e378d,2026-07-15,3.2839
7afd3640-8b2a-4341-bdaf-c563bb9e378d,2026-07-16,2.7568
7afd3640-8b2a-4341-bdaf-c563bb9e378d,2026-07-17,2.6917
7afd3640-8b2a-4341-bdaf-c563bb9e378d,2026-07-18,4.9265
7afd3640-8b2a-4341-bdaf-c563bb9e378d,2026-07-19,5.2411
7afd3640-8b2a-4341-bdaf-c563bb9e378d,2026-07-20,2.1322
7afd3640-8b2a-4341-bdaf-c563bb9e378d,2026-07-21,2.6069
7afd3640-8b2a-4341-bdaf-c563bb9e378d,2026-07-22,2.3322
7afd3640-8b2a-4341-bdaf-c563bb9e378d,2026-07-23,2.3331
7afd3640-8b2a-4341-bdaf-c563bb9e378d,2026-07-24,2.7091
7afd3640-8b2a-4341-bdaf-c563bb9e378d,2026-07-25,5.443
7afd3640-8b2a-4341-bdaf-c563bb9e378d,2026-07-26,4.1343
7afd3640-8b2a-4341-bdaf-c563bb9e378d,2026-07-27,4.974
7afd3640-8b2a-4341-bdaf-c563bb9e378d,2026-07-28,2.4113
7afd3640-8b2a-4341-bdaf-c563bb9e378d,2026-07-29,2.2899
7afd3640-8b2a-4341-bdaf-c563bb9e378d,2026-07-30,2.01
87d53f65-052f-48b5-9fd5-22e48b9bff3f,2026-07-01,0.6508
87d53f65-052f-48b5-9fd5-22e48b9bff3f,2026-07-02,1.4799
87d53f65-052f-48b5-9fd5-22e48b9bff3f,2026-07-03,0.5982
87d53f65-052f-48b5-9fd5-22e48b9bff3f,2026-07-04,0.4742
87d53f65-052f-48b5-9fd5-22e48b9bff3f,2026-07-05,0.465
87d53f65-052f-48b5-9fd5-22e48b9bff3f,2026-07-06,1.1019
87d53f65-052f-48b5-9fd5-22e48b9bff3f,2026-07-07,1.4027
87d53f65-052f-48b5-9fd5-22e48b9bff3f,2026-07-08,0.8448
87d53f65-052f-48b5-9fd5-22e48b9bff3f,2026-07-09,0.7402
87d53f65-052f-48b5-9fd5-22e48b9bff3f,2026-07-10,0.5926
87d53f65-052f-48b5-9fd5-22e48b9bff3f,2026-07-11,0.6291
87d53f65-052f-48b5-9fd5-22e48b9bff3f,2026-07-12,0.592
87d53f65-052f-48b5-9fd5-22e48b9bff3f,2026-07-13,1.5246
87d53f65-052f-48b5-9fd5-22e48b9bff3f,2026-07-14,3.4679
87d53f65-052f-48b5-9fd5-22e48b9bff3f,2026-07-15,3.2839
87d53f65-052f-48b5-9fd5-22e48b9bff3f,2026-07-16,2.7568
87d53f65-052f-48b5-9fd5-22e48b9bff3f,2026-07-17,2.6917
87d53f65-052f-48b5-9fd5-22e48b9bff3f,2026-07-18,4.9265
87d53f65-052f-48b5-9fd5-22e48b9bff3f,2026-07-19,5.2411
87d53f65-052f-48b5-9fd5-22e48b9bff3f,2026-07-20,2.1322
87d53f65-052f-48b5-9fd5-22e48b9bff3f,2026-07-21,2.6069
87d53f65-052f-48b5-9fd5-22e48b9bff3f,2026-07-22,2.3322
87d53f65-052f-48b5-9fd5-22e48b9bff3f,2026-07-23,2.3331
87d53f65-052f-48b5-9fd5-22e48b9bff3f,2026-07-24,2.7091
87d53f65-052f-48b5-9fd5-22e48b9bff3f,2026-07-25,5.443
87d53f65-052f-48b5-9fd5-22e48b9bff3f,2026-07-26,4.1343
87d53f65-052f-48b5-9fd5-22e48b9bff3f,2026-07-27,4.974
87d53f65-052f-48b5-9fd5-22e48b9bff3f,2026-07-28,2.4113
87d53f65-052f-48b5-9fd5-22e48b9bff3f,2026-07-29,2.2899
87d53f65-052f-48b5-9fd5-22e48b9bff3f,2026-07-30,2.01
8c8c49cd-4f4d-456d-871a-ab957182d8c3,2026-07-01,1.5991
8c8c49cd-4f4d-456d-871a-ab957182d8c3,2026-07-02,0.3919
8c8c49cd-4f4d-456d-871a-ab957182d8c3,2026-07-03,0.6039
8c8c49cd-4f4d-456d-871a-ab957182d8c3,2026-07-04,0.4742
8c8c49cd-4f4d-456d-871a-ab957182d8c3,2026-07-05,0.4812
8c8c49cd-4f4d-456d-871a-ab957182d8c3,2026-07-06,1.1019
8c8c49cd-4f4d-456d-871a-ab957182d8c3,2026-07-07,1.4027
8c8c49cd-4f4d-456d-871a-ab957182d8c3,2026-07-08,0.8658
8c8c49cd-4f4d-456d-871a-ab957182d8c3,2026-07-09,0.7502
8c8c49cd-4f4d-456d-871a-ab957182d8c3,2026-07-10,0.5926
8c8c49cd-4f4d-456d-871a-ab957182d8c3,2026-07-11,0.6291
8c8c49cd-4f4d-456d-871a-ab957182d8c3,2026-07-12,0.592
8c8c49cd-4f4d-456d-871a-ab957182d8c3,2026-07-13,1.5461
8c8c49cd-4f4d-456d-871a-ab957182d8c3,2026-07-14,3.4679
8c8c49cd-4f4d-456d-871a-ab957182d8c3,2026-07-15,3.5286
8c8c49cd-4f4d-456d-871a-ab957182d8c3,2026-07-16,2.6177
8c8c49cd-4f4d-456d-871a-ab957182d8c3,2026-07-17,2.7349
8c8c49cd-4f4d-456d-871a-ab957182d8c3,2026-07-18,4.556
8c8c49cd-4f4d-456d-871a-ab957182d8c3,2026-07-19,5.1688
8c8c49cd-4f4d-456d-871a-ab957182d8c3,2026-07-20,2.2072
8c8c49cd-4f4d-456d-871a-ab957182d8c3,2026-07-21,2.3159
8c8c49cd-4f4d-456d-871a-ab957182d8c3,2026-07-22,3.0761
8c8c49cd-4f4d-456d-871a-ab957182d8c3,2026-07-23,2.5531
8c8c49cd-4f4d-456d-871a-ab957182d8c3,2026-07-24,2.4635
8c8c49cd-4f4d-456d-871a-ab957182d8c3,2026-07-25,5.4994
8c8c49cd-4f4d-456d-871a-ab957182d8c3,2026-07-26,4.7524
8c8c49cd-4f4d-456d-871a-ab957182d8c3,2026-07-27,3.3494
8c8c49cd-4f4d-456d-871a-ab957182d8c3,2026-07-28,2.4222
8c8c49cd-4f4d-456d-871a-ab957182d8c3,2026-07-29,2.4086
8c8c49cd-4f4d-456d-871a-ab957182d8c3,2026-07-30,2.4286
94e249ac-de60-419d-a860-a9b95db3120f,2026-07-01,0.6508
94e249ac-de60-419d-a860-a9b95db3120f,2026-07-02,1.4799
94e249ac-de60-419d-a860-a9b95db3120f,2026-07-03,0.5982
94e249ac-de60-419d-a860-a9b95db3120f,2026-07-04,0.4742
94e249ac-de60-419d-a860-a9b95db3120f,2026-07-05,0.465
94e249ac-de60-419d-a860-a9b95db3120f,2026-07-06,1.1019
94e249ac-de60-419d-a860-a9b95db3120f,2026-07-07,1.4027
94e249ac-de60-419d-a860-a9b95db3120f,2026-07-08,0.8448
94e249ac-de60-419d-a860-a9b95db3120f,2026-07-09,0.7402
94e249ac-de60-419d-a860-a9b95db3120f,2026-07-10,0.5926
94e249ac-de60-419d-a860-a9b95db3120f,2026-07-11,0.6291
94e249ac-de60-419d-a860-a9b95db3120f,2026-07-12,0.592
94e249ac-de60-419d-a860-a9b95db3120f,2026-07-13,1.5246
94e249ac-de60-419d-a860-a9b95db3120f,2026-07-14,3.4679
94e249ac-de60-419d-a860-a9b95db3120f,2026-07-15,3.2839
94e249ac-de60-419d-a860-a9b95db3120f,2026-07-16,2.7568
94e249ac-de60-419d-a860-a9b95db3120f,2026-07-17,2.6917
94e249ac-de60-419d-a860-a9b95db3120f,2026-07-18,4.9265
94e249ac-de60-419d-a860-a9b95db3120f,2026-07-19,5.2411
94e249ac-de60-419d-a860-a9b95db3120f,2026-07-20,2.1322
94e249ac-de60-419d-a860-a9b95db3120f,2026-07-21,2.6069
94e249ac-de60-419d-a860-a9b95db3120f,2026-07-22,2.3322
94e249ac-de60-419d-a860-a9b95db3120f,2026-07-23,2.3331
94e249ac-de60-419d-a860-a9b95db3120f,2026-07-24,2.7091
94e249ac-de60-419d-a860-a9b95db3120f,2026-07-25,5.443
94e249ac-de60-419d-a860-a9b95db3120f,2026-07-26,4.1343
94e249ac-de60-419d-a860-a9b95db3120f,2026-07-27,4.974
94e249ac-de60-419d-a860-a9b95db3120f,2026-07-28,2.4113
94e249ac-de60-419d-a860-a9b95db3120f,2026-07-29,2.2899
94e249ac-de60-419d-a860-a9b95db3120f,2026-07-30,2.01
961678d3-9942-4d57-9dbc-ee7839a71f76,2026-07-01,0.3737
961678d3-9942-4d57-9dbc-ee7839a71f76,2026-07-02,0.3448
961678d3-9942-4d57-9dbc-ee7839a71f76,2026-07-03,0.3162
961678d3-9942-4d57-9dbc-ee7839a71f76,2026-07-04,0.3152
961678d3-9942-4d57-9dbc-ee7839a71f76,2026-07-05,0.3173
961678d3-9942-4d57-9dbc-ee7839a71f76,2026-07-06,0.3958
961678d3-9942-4d57-9dbc-ee7839a71f76,2026-07-07,0.2518
961678d3-9942-4d57-9dbc-ee7839a71f76,2026-07-08,0.4793
961678d3-9942-4d57-9dbc-ee7839a71f76,2026-07-09,0.5299
961678d3-9942-4d57-9dbc-ee7839a71f76,2026-07-10,0.7931
961678d3-9942-4d57-9dbc-ee7839a71f76,2026-07-11,0.7964
961678d3-9942-4d57-9dbc-ee7839a71f76,2026-07-12,0.7459
961678d3-9942-4d57-9dbc-ee7839a71f76,2026-07-13,0.8553
961678d3-9942-4d57-9dbc-ee7839a71f76,2026-07-14,0.491
961678d3-9942-4d57-9dbc-ee7839a71f76,2026-07-15,0.5425
961678d3-9942-4d57-9dbc-ee7839a71f76,2026-07-16,0.5336
961678d3-9942-4d57-9dbc-ee7839a71f76,2026-07-17,0.8039
961678d3-9942-4d57-9dbc-ee7839a71f76,2026-07-18,0.5325
961678d3-9942-4d57-9dbc-ee7839a71f76,2026-07-19,0.604
961678d3-9942-4d57-9dbc-ee7839a71f76,2026-07-20,0.4853
961678d3-9942-4d57-9dbc-ee7839a71f76,2026-07-21,1.0583
961678d3-9942-4d57-9dbc-ee7839a71f76,2026-07-22,1.055
961678d3-9942-4d57-9dbc-ee7839a71f76,2026-07-23,0.8737
961678d3-9942-4d57-9dbc-ee7839a71f76,2026-07-24,2.6099
961678d3-9942-4d57-9dbc-ee7839a71f76,2026-07-25,3.0188
961678d3-9942-4d57-9dbc-ee7839a71f76,2026-07-26,3.3295
961678d3-9942-4d57-9dbc-ee7839a71f76,2026-07-27,2.0664
961678d3-9942-4d57-9dbc-ee7839a71f76,2026-07-28,3.6417
961678d3-9942-4d57-9dbc-ee7839a71f76,2026-07-29,3.6007
961678d3-9942-4d57-9dbc-ee7839a71f76,2026-07-30,3.3315
96343baf-8b47-472e-a1dc-6264240c544c,2026-07-01,0.6508
96343baf-8b47-472e-a1dc-6264240c544c,2026-07-02,1.4799
96343baf-8b47-472e-a1dc-6264240c544c,2026-07-03,0.5982
96343baf-8b47-472e-a1dc-6264240c544c,2026-07-04,0.4742
96343baf-8b47-472e-a1dc-6264240c544c,2026-07-05,0.465
96343baf-8b47-472e-a1dc-6264240c544c,2026-07-06,1.1019
96343baf-8b47-472e-a1dc-6264240c544c,2026-07-07,1.4027
96343baf-8b47-472e-a1dc-6264240c544c,2026-07-08,0.8448
96343baf-8b47-472e-a1dc-6264240c544c,2026-07-09,0.7402
96343baf-8b47-472e-a1dc-6264240c544c,2026-07-10,0.5926
96343baf-8b47-472e-a1dc-6264240c544c,2026-07-11,0.6291
96343baf-8b47-472e-a1dc-6264240c544c,2026-07-12,0.592
96343baf-8b47-472e-a1dc-6264240c544c,2026-07-13,1.5246
96343baf-8b47-472e-a1dc-6264240c544c,2026-07-14,3.4679
96343baf-8b47-472e-a1dc-6264240c544c,2026-07-15,3.2839
96343baf-8b47-472e-a1dc-6264240c544c,2026-07-16,2.7568
96343baf-8b47-472e-a1dc-6264240c544c,2026-07-17,2.6917
96343baf-8b47-472e-a1dc-6264240c544c,2026-07-18,4.9265
96343baf-8b47-472e-a1dc-6264240c544c,2026-07-19,5.2411
96343baf-8b47-472e-a1dc-6264240c544c,2026-07-20,2.1322
96343baf-8b47-472e-a1dc-6264240c544c,2026-07-21,2.6069
96343baf-8b47-472e-a1dc-6264240c544c,2026-07-22,2.3322
96343baf-8b47-472e-a1dc-6264240c544c,2026-07-23,2.3331
96343baf-8b47-472e-a1dc-6264240c544c,2026-07-24,2.7091
96343baf-8b47-472e-a1dc-6264240c544c,2026-07-25,5.443
96343baf-8b47-472e-a1dc-6264240c544c,2026-07-26,4.1343
96343baf-8b47-472e-a1dc-6264240c544c,2026-07-27,4.974
96343baf-8b47-472e-a1dc-6264240c544c,2026-07-28,2.4113
96343baf-8b47-472e-a1dc-6264240c544c,2026-07-29,2.2899
96343baf-8b47-472e-a1dc-6264240c544c,2026-07-30,2.01
a39f9c31-82f0-48fd-97d9-9f9b82302588,2026-07-01,0.7639
a39f9c31-82f0-48fd-97d9-9f9b82302588,2026-07-02,0.4083
a39f9c31-82f0-48fd-97d9-9f9b82302588,2026-07-03,0.4396
a39f9c31-82f0-48fd-97d9-9f9b82302588,2026-07-04,0.6036
a39f9c31-82f0-48fd-97d9-9f9b82302588,2026-07-05,0.7533
a39f9c31-82f0-48fd-97d9-9f9b82302588,2026-07-06,0.9229
a39f9c31-82f0-48fd-97d9-9f9b82302588,2026-07-07,0.846
a39f9c31-82f0-48fd-97d9-9f9b82302588,2026-07-08,2.7621
a39f9c31-82f0-48fd-97d9-9f9b82302588,2026-07-09,1.8478
a39f9c31-82f0-48fd-97d9-9f9b82302588,2026-07-10,2.2744
a39f9c31-82f0-48fd-97d9-9f9b82302588,2026-07-11,3.3918
a39f9c31-82f0-48fd-97d9-9f9b82302588,2026-07-12,4.5922
a39f9c31-82f0-48fd-97d9-9f9b82302588,2026-07-13,2.576
a39f9c31-82f0-48fd-97d9-9f9b82302588,2026-07-14,2.3612
a39f9c31-82f0-48fd-97d9-9f9b82302588,2026-07-15,2.7235
a39f9c31-82f0-48fd-97d9-9f9b82302588,2026-07-16,2.5099
a39f9c31-82f0-48fd-97d9-9f9b82302588,2026-07-17,2.4851
a39f9c31-82f0-48fd-97d9-9f9b82302588,2026-07-18,3.5622
a39f9c31-82f0-48fd-97d9-9f9b82302588,2026-07-19,3.7411
a39f9c31-82f0-48fd-97d9-9f9b82302588,2026-07-20,3.3511
a39f9c31-82f0-48fd-97d9-9f9b82302588,2026-07-21,2.0673
a39f9c31-82f0-48fd-97d9-9f9b82302588,2026-07-22,2.8187
a39f9c31-82f0-48fd-97d9-9f9b82302588,2026-07-23,2.4008
a39f9c31-82f0-48fd-97d9-9f9b82302588,2026-07-24,2.704
a39f9c31-82f0-48fd-97d9-9f9b82302588,2026-07-25,4.5657
a39f9c31-82f0-48fd-97d9-9f9b82302588,2026-07-26,5.2811
a39f9c31-82f0-48fd-97d9-9f9b82302588,2026-07-27,3.0887
a39f9c31-82f0-48fd-97d9-9f9b82302588,2026-07-28,3.1984
a39f9c31-82f0-48fd-97d9-9f9b82302588,2026-07-29,3.4597
a39f9c31-82f0-48fd-97d9-9f9b82302588,2026-07-30,4.1028
a4a28959-b574-441e-ac27-51b17d7e096a,2026-07-01,1.2129
a4a28959-b574-441e-ac27-51b17d7e096a,2026-07-02,0.5091
a4a28959-b574-441e-ac27-51b17d7e096a,2026-07-03,0.5198
a4a28959-b574-441e-ac27-51b17d7e096a,2026-07-04,0.5428
a4a28959-b574-441e-ac27-51b17d7e096a,2026-07-05,0.545
a4a28959-b574-441e-ac27-51b17d7e096a,2026-07-06,0.798
a4a28959-b574-441e-ac27-51b17d7e096a,2026-07-07,1.1423
a4a28959-b574-441e-ac27-51b17d7e096a,2026-07-08,1.3962
a4a28959-b574-441e-ac27-51b17d7e096a,2026-07-09,2.2504
a4a28959-b574-441e-ac27-51b17d7e096a,2026-07-10,0.7712
a4a28959-b574-441e-ac27-51b17d7e096a,2026-07-11,1.8394
a4a28959-b574-441e-ac27-51b17d7e096a,2026-07-12,2.6062
a4a28959-b574-441e-ac27-51b17d7e096a,2026-07-13,2.4665
a4a28959-b574-441e-ac27-51b17d7e096a,2026-07-14,3.7122
a4a28959-b574-441e-ac27-51b17d7e096a,2026-07-15,3.9147
a4a28959-b574-441e-ac27-51b17d7e096a,2026-07-16,3.3432
a4a28959-b574-441e-ac27-51b17d7e096a,2026-07-17,3.2511
a4a28959-b574-441e-ac27-51b17d7e096a,2026-07-18,4.8633
a4a28959-b574-441e-ac27-51b17d7e096a,2026-07-19,5.6165
a4a28959-b574-441e-ac27-51b17d7e096a,2026-07-20,2.0178
a4a28959-b574-441e-ac27-51b17d7e096a,2026-07-21,2.2827
a4a28959-b574-441e-ac27-51b17d7e096a,2026-07-22,3.3684
a4a28959-b574-441e-ac27-51b17d7e096a,2026-07-23,2.3743
a4a28959-b574-441e-ac27-51b17d7e096a,2026-07-24,2.4874
a4a28959-b574-441e-ac27-51b17d7e096a,2026-07-25,4.2575
a4a28959-b574-441e-ac27-51b17d7e096a,2026-07-26,5.0425
a4a28959-b574-441e-ac27-51b17d7e096a,2026-07-27,3.0824
a4a28959-b574-441e-ac27-51b17d7e096a,2026-07-28,2.5705
a4a28959-b574-441e-ac27-51b17d7e096a,2026-07-29,3.0581
a4a28959-b574-441e-ac27-51b17d7e096a,2026-07-30,3.4507
a647998e-94f6-4d9e-a1b0-fa73ff37285f,2026-07-01,0.6508
a647998e-94f6-4d9e-a1b0-fa73ff37285f,2026-07-02,1.4799
a647998e-94f6-4d9e-a1b0-fa73ff37285f,2026-07-03,0.5982
a647998e-94f6-4d9e-a1b0-fa73ff37285f,2026-07-04,0.4742
a647998e-94f6-4d9e-a1b0-fa73ff37285f,2026-07-05,0.465
a647998e-94f6-4d9e-a1b0-fa73ff37285f,2026-07-06,1.1019
a647998e-94f6-4d9e-a1b0-fa73ff37285f,2026-07-07,1.4027
a647998e-94f6-4d9e-a1b0-fa73ff37285f,2026-07-08,0.8448
a647998e-94f6-4d9e-a1b0-fa73ff37285f,2026-07-09,0.7402
a647998e-94f6-4d9e-a1b0-fa73ff37285f,2026-07-10,0.5926
a647998e-94f6-4d9e-a1b0-fa73ff37285f,2026-07-11,0.6291
a647998e-94f6-4d9e-a1b0-fa73ff37285f,2026-07-12,0.592
a647998e-94f6-4d9e-a1b0-fa73ff37285f,2026-07-13,1.5246
a647998e-94f6-4d9e-a1b0-fa73ff37285f,2026-07-14,3.4679
a647998e-94f6-4d9e-a1b0-fa73ff37285f,2026-07-15,3.2839
a647998e-94f6-4d9e-a1b0-fa73ff37285f,2026-07-16,2.7568
a647998e-94f6-4d9e-a1b0-fa73ff37285f,2026-07-17,2.6917
a647998e-94f6-4d9e-a1b0-fa73ff37285f,2026-07-18,4.9265
a647998e-94f6-4d9e-a1b0-fa73ff37285f,2026-07-19,5.2411
a647998e-94f6-4d9e-a1b0-fa73ff37285f,2026-07-20,2.1322
a647998e-94f6-4d9e-a1b0-fa73ff37285f,2026-07-21,2.6069
a647998e-94f6-4d9e-a1b0-fa73ff37285f,2026-07-22,2.3322
a647998e-94f6-4d9e-a1b0-fa73ff37285f,2026-07-23,2.3331
a647998e-94f6-4d9e-a1b0-fa73ff37285f,2026-07-24,2.7091
a647998e-94f6-4d9e-a1b0-fa73ff37285f,2026-07-25,5.443
a647998e-94f6-4d9e-a1b0-fa73ff37285f,2026-07-26,4.1343
a647998e-94f6-4d9e-a1b0-fa73ff37285f,2026-07-27,4.974
a647998e-94f6-4d9e-a1b0-fa73ff37285f,2026-07-28,2.4113
a647998e-94f6-4d9e-a1b0-fa73ff37285f,2026-07-29,2.2899
a647998e-94f6-4d9e-a1b0-fa73ff37285f,2026-07-30,2.01
a95d6e8f-3ec2-4a77-b215-d443fe078c78,2026-07-01,0.4568
a95d6e8f-3ec2-4a77-b215-d443fe078c78,2026-07-02,0.4526
a95d6e8f-3ec2-4a77-b215-d443fe078c78,2026-07-03,0.4885
a95d6e8f-3ec2-4a77-b215-d443fe078c78,2026-07-04,0.7133
a95d6e8f-3ec2-4a77-b215-d443fe078c78,2026-07-05,0.7631
a95d6e8f-3ec2-4a77-b215-d443fe078c78,2026-07-06,0.5484
a95d6e8f-3ec2-4a77-b215-d443fe078c78,2026-07-07,0.5316
a95d6e8f-3ec2-4a77-b215-d443fe078c78,2026-07-08,0.8066
a95d6e8f-3ec2-4a77-b215-d443fe078c78,2026-07-09,0.5927
a95d6e8f-3ec2-4a77-b215-d443fe078c78,2026-07-10,0.6727
a95d6e8f-3ec2-4a77-b215-d443fe078c78,2026-07-11,0.8625
a95d6e8f-3ec2-4a77-b215-d443fe078c78,2026-07-12,0.9366
a95d6e8f-3ec2-4a77-b215-d443fe078c78,2026-07-13,0.7287
a95d6e8f-3ec2-4a77-b215-d443fe078c78,2026-07-14,0.7982
a95d6e8f-3ec2-4a77-b215-d443fe078c78,2026-07-15,1.4541
a95d6e8f-3ec2-4a77-b215-d443fe078c78,2026-07-16,0.8896
a95d6e8f-3ec2-4a77-b215-d443fe078c78,2026-07-17,0.8432
a95d6e8f-3ec2-4a77-b215-d443fe078c78,2026-07-18,1.0107
a95d6e8f-3ec2-4a77-b215-d443fe078c78,2026-07-19,2.3313
a95d6e8f-3ec2-4a77-b215-d443fe078c78,2026-07-20,3.9959
a95d6e8f-3ec2-4a77-b215-d443fe078c78,2026-07-21,3.0001
a95d6e8f-3ec2-4a77-b215-d443fe078c78,2026-07-22,3.3653
a95d6e8f-3ec2-4a77-b215-d443fe078c78,2026-07-23,2.8295
a95d6e8f-3ec2-4a77-b215-d443fe078c78,2026-07-24,3.026
a95d6e8f-3ec2-4a77-b215-d443fe078c78,2026-07-25,4.591
a95d6e8f-3ec2-4a77-b215-d443fe078c78,2026-07-26,4.4598
a95d6e8f-3ec2-4a77-b215-d443fe078c78,2026-07-27,3.3606
a95d6e8f-3ec2-4a77-b215-d443fe078c78,2026-07-28,3.8007
a95d6e8f-3ec2-4a77-b215-d443fe078c78,2026-07-29,3.1119
a95d6e8f-3ec2-4a77-b215-d443fe078c78,2026-07-30,2.9201
b1665157-ec23-4fb7-9142-5036fa718a7e,2026-07-01,0.6508
b1665157-ec23-4fb7-9142-5036fa718a7e,2026-07-02,1.4799
b1665157-ec23-4fb7-9142-5036fa718a7e,2026-07-03,0.5982
b1665157-ec23-4fb7-9142-5036fa718a7e,2026-07-04,0.4742
b1665157-ec23-4fb7-9142-5036fa718a7e,2026-07-05,0.465
b1665157-ec23-4fb7-9142-5036fa718a7e,2026-07-06,1.1019
b1665157-ec23-4fb7-9142-5036fa718a7e,2026-07-07,1.4027
b1665157-ec23-4fb7-9142-5036fa718a7e,2026-07-08,0.8448
b1665157-ec23-4fb7-9142-5036fa718a7e,2026-07-09,0.7402
b1665157-ec23-4fb7-9142-5036fa718a7e,2026-07-10,0.5926
b1665157-ec23-4fb7-9142-5036fa718a7e,2026-07-11,0.6291
b1665157-ec23-4fb7-9142-5036fa718a7e,2026-07-12,0.592
b1665157-ec23-4fb7-9142-5036fa718a7e,2026-07-13,1.5246
b1665157-ec23-4fb7-9142-5036fa718a7e,2026-07-14,3.4679
b1665157-ec23-4fb7-9142-5036fa718a7e,2026-07-15,3.2839
b1665157-ec23-4fb7-9142-5036fa718a7e,2026-07-16,2.7568
b1665157-ec23-4fb7-9142-5036fa718a7e,2026-07-17,2.6917
b1665157-ec23-4fb7-9142-5036fa718a7e,2026-07-18,4.9265
b1665157-ec23-4fb7-9142-5036fa718a7e,2026-07-19,5.2411
b1665157-ec23-4fb7-9142-5036fa718a7e,2026-07-20,2.1322
b1665157-ec23-4fb7-9142-5036fa718a7e,2026-07-21,2.6069
b1665157-ec23-4fb7-9142-5036fa718a7e,2026-07-22,2.3322
b1665157-ec23-4fb7-9142-5036fa718a7e,2026-07-23,2.3331
b1665157-ec23-4fb7-9142-5036fa718a7e,2026-07-24,2.7091
b1665157-ec23-4fb7-9142-5036fa718a7e,2026-07-25,5.443
b1665157-ec23-4fb7-9142-5036fa718a7e,2026-07-26,4.1343
b1665157-ec23-4fb7-9142-5036fa718a7e,2026-07-27,4.974
b1665157-ec23-4fb7-9142-5036fa718a7e,2026-07-28,2.4113
b1665157-ec23-4fb7-9142-5036fa718a7e,2026-07-29,2.2899
b1665157-ec23-4fb7-9142-5036fa718a7e,2026-07-30,2.01
b18d65a8-6668-4196-9537-39071c942271,2026-07-01,0.4915
b18d65a8-6668-4196-9537-39071c942271,2026-07-02,0.4918
b18d65a8-6668-4196-9537-39071c942271,2026-07-03,0.452
b18d65a8-6668-4196-9537-39071c942271,2026-07-04,0.4771
b18d65a8-6668-4196-9537-39071c942271,2026-07-05,0.4988
b18d65a8-6668-4196-9537-39071c942271,2026-07-06,0.5761
b18d65a8-6668-4196-9537-39071c942271,2026-07-07,0.3582
b18d65a8-6668-4196-9537-39071c942271,2026-07-08,0.6434
b18d65a8-6668-4196-9537-39071c942271,2026-07-09,0.5759
b18d65a8-6668-4196-9537-39071c942271,2026-07-10,0.5991
b18d65a8-6668-4196-9537-39071c942271,2026-07-11,0.7043
b18d65a8-6668-4196-9537-39071c942271,2026-07-12,0.7357
b18d65a8-6668-4196-9537-39071c942271,2026-07-13,0.7656
b18d65a8-6668-4196-9537-39071c942271,2026-07-14,1.715
b18d65a8-6668-4196-9537-39071c942271,2026-07-15,2.3091
b18d65a8-6668-4196-9537-39071c942271,2026-07-16,2.029
b18d65a8-6668-4196-9537-39071c942271,2026-07-17,2.1247
b18d65a8-6668-4196-9537-39071c942271,2026-07-18,2.2927
b18d65a8-6668-4196-9537-39071c942271,2026-07-19,2.3342
b18d65a8-6668-4196-9537-39071c942271,2026-07-20,2.6266
b18d65a8-6668-4196-9537-39071c942271,2026-07-21,2.8556
b18d65a8-6668-4196-9537-39071c942271,2026-07-22,2.0867
b18d65a8-6668-4196-9537-39071c942271,2026-07-23,2.4138
b18d65a8-6668-4196-9537-39071c942271,2026-07-24,3.4199
b18d65a8-6668-4196-9537-39071c942271,2026-07-25,4.8684
b18d65a8-6668-4196-9537-39071c942271,2026-07-26,4.531
b18d65a8-6668-4196-9537-39071c942271,2026-07-27,2.6895
b18d65a8-6668-4196-9537-39071c942271,2026-07-28,4.1285
b18d65a8-6668-4196-9537-39071c942271,2026-07-29,2.9778
b18d65a8-6668-4196-9537-39071c942271,2026-07-30,3.2361
b58b89c8-9cef-48e8-9c8b-5acce591eb6d,2026-07-01,0.5225
b58b89c8-9cef-48e8-9c8b-5acce591eb6d,2026-07-02,0.8494
b58b89c8-9cef-48e8-9c8b-5acce591eb6d,2026-07-03,0.6836
b58b89c8-9cef-48e8-9c8b-5acce591eb6d,2026-07-04,0.5248
b58b89c8-9cef-48e8-9c8b-5acce591eb6d,2026-07-05,1.2152
b58b89c8-9cef-48e8-9c8b-5acce591eb6d,2026-07-06,1.1654
b58b89c8-9cef-48e8-9c8b-5acce591eb6d,2026-07-07,1.4043
b58b89c8-9cef-48e8-9c8b-5acce591eb6d,2026-07-08,0.8448
b58b89c8-9cef-48e8-9c8b-5acce591eb6d,2026-07-09,0.6646
b58b89c8-9cef-48e8-9c8b-5acce591eb6d,2026-07-10,0.5885
b58b89c8-9cef-48e8-9c8b-5acce591eb6d,2026-07-11,0.6157
b58b89c8-9cef-48e8-9c8b-5acce591eb6d,2026-07-12,0.579
b58b89c8-9cef-48e8-9c8b-5acce591eb6d,2026-07-13,1.5222
b58b89c8-9cef-48e8-9c8b-5acce591eb6d,2026-07-14,3.4679
b58b89c8-9cef-48e8-9c8b-5acce591eb6d,2026-07-15,3.2839
b58b89c8-9cef-48e8-9c8b-5acce591eb6d,2026-07-16,2.8694
b58b89c8-9cef-48e8-9c8b-5acce591eb6d,2026-07-17,2.7349
b58b89c8-9cef-48e8-9c8b-5acce591eb6d,2026-07-18,4.592
b58b89c8-9cef-48e8-9c8b-5acce591eb6d,2026-07-19,4.9339
b58b89c8-9cef-48e8-9c8b-5acce591eb6d,2026-07-20,2.6651
b58b89c8-9cef-48e8-9c8b-5acce591eb6d,2026-07-21,2.9847
b58b89c8-9cef-48e8-9c8b-5acce591eb6d,2026-07-22,2.5144
b58b89c8-9cef-48e8-9c8b-5acce591eb6d,2026-07-23,2.6459
b58b89c8-9cef-48e8-9c8b-5acce591eb6d,2026-07-24,2.5761
b58b89c8-9cef-48e8-9c8b-5acce591eb6d,2026-07-25,5.3258
b58b89c8-9cef-48e8-9c8b-5acce591eb6d,2026-07-26,4.5104
b58b89c8-9cef-48e8-9c8b-5acce591eb6d,2026-07-27,3.204
b58b89c8-9cef-48e8-9c8b-5acce591eb6d,2026-07-28,2.4333
b58b89c8-9cef-48e8-9c8b-5acce591eb6d,2026-07-29,2.5905
b58b89c8-9cef-48e8-9c8b-5acce591eb6d,2026-07-30,2.5003
b980e766-ea7b-4037-9fba-f08bab66f235,2026-07-01,1.6397
b980e766-ea7b-4037-9fba-f08bab66f235,2026-07-02,0.9659
b980e766-ea7b-4037-9fba-f08bab66f235,2026-07-03,0.781
b980e766-ea7b-4037-9fba-f08bab66f235,2026-07-04,0.7657
b980e766-ea7b-4037-9fba-f08bab66f235,2026-07-05,0.8612
b980e766-ea7b-4037-9fba-f08bab66f235,2026-07-06,2.1189
b980e766-ea7b-4037-9fba-f08bab66f235,2026-07-07,0.4358
b980e766-ea7b-4037-9fba-f08bab66f235,2026-07-08,0.4344
b980e766-ea7b-4037-9fba-f08bab66f235,2026-07-09,0.3215
b980e766-ea7b-4037-9fba-f08bab66f235,2026-07-10,0.2454
b980e766-ea7b-4037-9fba-f08bab66f235,2026-07-11,0.1951
b980e766-ea7b-4037-9fba-f08bab66f235,2026-07-12,0.2163
b980e766-ea7b-4037-9fba-f08bab66f235,2026-07-13,3.0442
b980e766-ea7b-4037-9fba-f08bab66f235,2026-07-14,1.065
b980e766-ea7b-4037-9fba-f08bab66f235,2026-07-15,1.5537
b980e766-ea7b-4037-9fba-f08bab66f235,2026-07-16,1.3472
b980e766-ea7b-4037-9fba-f08bab66f235,2026-07-17,1.3188
b980e766-ea7b-4037-9fba-f08bab66f235,2026-07-18,1.3511
b980e766-ea7b-4037-9fba-f08bab66f235,2026-07-19,1.3729
b980e766-ea7b-4037-9fba-f08bab66f235,2026-07-20,2.1592
b980e766-ea7b-4037-9fba-f08bab66f235,2026-07-21,1.1526
b980e766-ea7b-4037-9fba-f08bab66f235,2026-07-22,1.9889
b980e766-ea7b-4037-9fba-f08bab66f235,2026-07-23,1.6601
b980e766-ea7b-4037-9fba-f08bab66f235,2026-07-24,3.7774
b980e766-ea7b-4037-9fba-f08bab66f235,2026-07-25,4.8153
b980e766-ea7b-4037-9fba-f08bab66f235,2026-07-26,4.5819
b980e766-ea7b-4037-9fba-f08bab66f235,2026-07-27,4.0391
b980e766-ea7b-4037-9fba-f08bab66f235,2026-07-28,3.6019
b980e766-ea7b-4037-9fba-f08bab66f235,2026-07-29,3.0693
b980e766-ea7b-4037-9fba-f08bab66f235,2026-07-30,2.9969
c34afcf0-19be-47fd-aa8a-9ff5a6e47d7c,2026-07-01,0.6508
c34afcf0-19be-47fd-aa8a-9ff5a6e47d7c,2026-07-02,1.4799
c34afcf0-19be-47fd-aa8a-9ff5a6e47d7c,2026-07-03,0.5982
c34afcf0-19be-47fd-aa8a-9ff5a6e47d7c,2026-07-04,0.4742
c34afcf0-19be-47fd-aa8a-9ff5a6e47d7c,2026-07-05,0.465
c34afcf0-19be-47fd-aa8a-9ff5a6e47d7c,2026-07-06,1.1019
c34afcf0-19be-47fd-aa8a-9ff5a6e47d7c,2026-07-07,1.4027
c34afcf0-19be-47fd-aa8a-9ff5a6e47d7c,2026-07-08,0.8448
c34afcf0-19be-47fd-aa8a-9ff5a6e47d7c,2026-07-09,0.7402
c34afcf0-19be-47fd-aa8a-9ff5a6e47d7c,2026-07-10,0.5926
c34afcf0-19be-47fd-aa8a-9ff5a6e47d7c,2026-07-11,0.6291
c34afcf0-19be-47fd-aa8a-9ff5a6e47d7c,2026-07-12,0.592
c34afcf0-19be-47fd-aa8a-9ff5a6e47d7c,2026-07-13,1.5246
c34afcf0-19be-47fd-aa8a-9ff5a6e47d7c,2026-07-14,3.4679
c34afcf0-19be-47fd-aa8a-9ff5a6e47d7c,2026-07-15,3.2839
c34afcf0-19be-47fd-aa8a-9ff5a6e47d7c,2026-07-16,2.7568
c34afcf0-19be-47fd-aa8a-9ff5a6e47d7c,2026-07-17,2.6917
c34afcf0-19be-47fd-aa8a-9ff5a6e47d7c,2026-07-18,4.9265
c34afcf0-19be-47fd-aa8a-9ff5a6e47d7c,2026-07-19,5.2411
c34afcf0-19be-47fd-aa8a-9ff5a6e47d7c,2026-07-20,2.1322
c34afcf0-19be-47fd-aa8a-9ff5a6e47d7c,2026-07-21,2.6069
c34afcf0-19be-47fd-aa8a-9ff5a6e47d7c,2026-07-22,2.3322
c34afcf0-19be-47fd-aa8a-9ff5a6e47d7c,2026-07-23,2.3331
c34afcf0-19be-47fd-aa8a-9ff5a6e47d7c,2026-07-24,2.7091
c34afcf0-19be-47fd-aa8a-9ff5a6e47d7c,2026-07-25,5.443
c34afcf0-19be-47fd-aa8a-9ff5a6e47d7c,2026-07-26,4.1343
c34afcf0-19be-47fd-aa8a-9ff5a6e47d7c,2026-07-27,4.974
c34afcf0-19be-47fd-aa8a-9ff5a6e47d7c,2026-07-28,2.4113
c34afcf0-19be-47fd-aa8a-9ff5a6e47d7c,2026-07-29,2.2899
c34afcf0-19be-47fd-aa8a-9ff5a6e47d7c,2026-07-30,2.01
c7df90d8-b37e-494f-ac48-7cdf43a82690,2026-07-01,1.3197
c7df90d8-b37e-494f-ac48-7cdf43a82690,2026-07-02,0.7385
c7df90d8-b37e-494f-ac48-7cdf43a82690,2026-07-03,0.8233
c7df90d8-b37e-494f-ac48-7cdf43a82690,2026-07-04,1.0241
c7df90d8-b37e-494f-ac48-7cdf43a82690,2026-07-05,0.8156
c7df90d8-b37e-494f-ac48-7cdf43a82690,2026-07-06,1.7237
c7df90d8-b37e-494f-ac48-7cdf43a82690,2026-07-07,1.9022
c7df90d8-b37e-494f-ac48-7cdf43a82690,2026-07-08,3.4714
c7df90d8-b37e-494f-ac48-7cdf43a82690,2026-07-09,3.1468
c7df90d8-b37e-494f-ac48-7cdf43a82690,2026-07-10,3.1994
c7df90d8-b37e-494f-ac48-7cdf43a82690,2026-07-11,5.4953
c7df90d8-b37e-494f-ac48-7cdf43a82690,2026-07-12,5.2499
c7df90d8-b37e-494f-ac48-7cdf43a82690,2026-07-13,1.4293
c7df90d8-b37e-494f-ac48-7cdf43a82690,2026-07-14,1.5122
c7df90d8-b37e-494f-ac48-7cdf43a82690,2026-07-15,1.4451
c7df90d8-b37e-494f-ac48-7cdf43a82690,2026-07-16,1.3764
c7df90d8-b37e-494f-ac48-7cdf43a82690,2026-07-17,1.3139
c7df90d8-b37e-494f-ac48-7cdf43a82690,2026-07-18,3.7117
c7df90d8-b37e-494f-ac48-7cdf43a82690,2026-07-19,4.8784
c7df90d8-b37e-494f-ac48-7cdf43a82690,2026-07-20,1.6246
c7df90d8-b37e-494f-ac48-7cdf43a82690,2026-07-21,1.8532
c7df90d8-b37e-494f-ac48-7cdf43a82690,2026-07-22,1.8991
c7df90d8-b37e-494f-ac48-7cdf43a82690,2026-07-23,2.0091
c7df90d8-b37e-494f-ac48-7cdf43a82690,2026-07-24,1.9635
c7df90d8-b37e-494f-ac48-7cdf43a82690,2026-07-25,4.5869
c7df90d8-b37e-494f-ac48-7cdf43a82690,2026-07-26,4.5284
c7df90d8-b37e-494f-ac48-7cdf43a82690,2026-07-27,3.0023
c7df90d8-b37e-494f-ac48-7cdf43a82690,2026-07-28,3.0635
c7df90d8-b37e-494f-ac48-7cdf43a82690,2026-07-29,3.2143
c7df90d8-b37e-494f-ac48-7cdf43a82690,2026-07-30,4.0082
cb958dd6-94e4-45ef-8c9b-02313ed3c77f,2026-07-01,0.668
cb958dd6-94e4-45ef-8c9b-02313ed3c77f,2026-07-02,0.4548
cb958dd6-94e4-45ef-8c9b-02313ed3c77f,2026-07-03,0.7033
cb958dd6-94e4-45ef-8c9b-02313ed3c77f,2026-07-04,1.1396
cb958dd6-94e4-45ef-8c9b-02313ed3c77f,2026-07-05,0.6606
cb958dd6-94e4-45ef-8c9b-02313ed3c77f,2026-07-06,0.4943
cb958dd6-94e4-45ef-8c9b-02313ed3c77f,2026-07-07,0.476
cb958dd6-94e4-45ef-8c9b-02313ed3c77f,2026-07-08,2.0324
cb958dd6-94e4-45ef-8c9b-02313ed3c77f,2026-07-09,0.7316
cb958dd6-94e4-45ef-8c9b-02313ed3c77f,2026-07-10,0.6286
cb958dd6-94e4-45ef-8c9b-02313ed3c77f,2026-07-11,0.6101
cb958dd6-94e4-45ef-8c9b-02313ed3c77f,2026-07-12,0.576
cb958dd6-94e4-45ef-8c9b-02313ed3c77f,2026-07-13,1.5641
cb958dd6-94e4-45ef-8c9b-02313ed3c77f,2026-07-14,1.9443
cb958dd6-94e4-45ef-8c9b-02313ed3c77f,2026-07-15,3.8864
cb958dd6-94e4-45ef-8c9b-02313ed3c77f,2026-07-16,3.2199
cb958dd6-94e4-45ef-8c9b-02313ed3c77f,2026-07-17,2.8105
cb958dd6-94e4-45ef-8c9b-02313ed3c77f,2026-07-18,4.5534
cb958dd6-94e4-45ef-8c9b-02313ed3c77f,2026-07-19,5.614
cb958dd6-94e4-45ef-8c9b-02313ed3c77f,2026-07-20,2.0731
cb958dd6-94e4-45ef-8c9b-02313ed3c77f,2026-07-21,2.2868
cb958dd6-94e4-45ef-8c9b-02313ed3c77f,2026-07-22,2.5575
cb958dd6-94e4-45ef-8c9b-02313ed3c77f,2026-07-23,2.3163
cb958dd6-94e4-45ef-8c9b-02313ed3c77f,2026-07-24,2.4778
cb958dd6-94e4-45ef-8c9b-02313ed3c77f,2026-07-25,4.4788
cb958dd6-94e4-45ef-8c9b-02313ed3c77f,2026-07-26,5.3639
cb958dd6-94e4-45ef-8c9b-02313ed3c77f,2026-07-27,2.6927
cb958dd6-94e4-45ef-8c9b-02313ed3c77f,2026-07-28,2.4228
cb958dd6-94e4-45ef-8c9b-02313ed3c77f,2026-07-29,2.4273
cb958dd6-94e4-45ef-8c9b-02313ed3c77f,2026-07-30,2.5732
d4490a84-cfaf-420f-9820-89861d11dcf5,2026-07-01,0.8669
d4490a84-cfaf-420f-9820-89861d11dcf5,2026-07-02,0.5336
d4490a84-cfaf-420f-9820-89861d11dcf5,2026-07-03,0.5443
d4490a84-cfaf-420f-9820-89861d11dcf5,2026-07-04,0.5344
d4490a84-cfaf-420f-9820-89861d11dcf5,2026-07-05,0.5725
d4490a84-cfaf-420f-9820-89861d11dcf5,2026-07-06,0.4413
d4490a84-cfaf-420f-9820-89861d11dcf5,2026-07-07,0.5186
d4490a84-cfaf-420f-9820-89861d11dcf5,2026-07-08,0.4738
d4490a84-cfaf-420f-9820-89861d11dcf5,2026-07-09,0.6087
d4490a84-cfaf-420f-9820-89861d11dcf5,2026-07-10,0.6945
d4490a84-cfaf-420f-9820-89861d11dcf5,2026-07-11,0.6918
d4490a84-cfaf-420f-9820-89861d11dcf5,2026-07-12,0.6915
d4490a84-cfaf-420f-9820-89861d11dcf5,2026-07-13,0.4793
d4490a84-cfaf-420f-9820-89861d11dcf5,2026-07-14,0.5121
d4490a84-cfaf-420f-9820-89861d11dcf5,2026-07-15,0.5957
d4490a84-cfaf-420f-9820-89861d11dcf5,2026-07-16,0.5457
d4490a84-cfaf-420f-9820-89861d11dcf5,2026-07-17,0.5642
d4490a84-cfaf-420f-9820-89861d11dcf5,2026-07-18,1.5562
d4490a84-cfaf-420f-9820-89861d11dcf5,2026-07-19,2.6284
d4490a84-cfaf-420f-9820-89861d11dcf5,2026-07-20,2.1993
d4490a84-cfaf-420f-9820-89861d11dcf5,2026-07-21,3.2775
d4490a84-cfaf-420f-9820-89861d11dcf5,2026-07-22,3.5041
d4490a84-cfaf-420f-9820-89861d11dcf5,2026-07-23,3.5873
d4490a84-cfaf-420f-9820-89861d11dcf5,2026-07-24,3.1493
d4490a84-cfaf-420f-9820-89861d11dcf5,2026-07-25,4.8853
d4490a84-cfaf-420f-9820-89861d11dcf5,2026-07-26,6.938
d4490a84-cfaf-420f-9820-89861d11dcf5,2026-07-27,2.0692
d4490a84-cfaf-420f-9820-89861d11dcf5,2026-07-28,2.2241
d4490a84-cfaf-420f-9820-89861d11dcf5,2026-07-29,3.0387
d4490a84-cfaf-420f-9820-89861d11dcf5,2026-07-30,2.2659
d547a9e0-9234-4915-8f35-ce4aafa44caa,2026-07-01,0.6966
d547a9e0-9234-4915-8f35-ce4aafa44caa,2026-07-02,0.6418
d547a9e0-9234-4915-8f35-ce4aafa44caa,2026-07-03,0.8377
d547a9e0-9234-4915-8f35-ce4aafa44caa,2026-07-04,1.1937
d547a9e0-9234-4915-8f35-ce4aafa44caa,2026-07-05,3.5991
d547a9e0-9234-4915-8f35-ce4aafa44caa,2026-07-06,0.3498
d547a9e0-9234-4915-8f35-ce4aafa44caa,2026-07-07,0.4634
d547a9e0-9234-4915-8f35-ce4aafa44caa,2026-07-08,0.442
d547a9e0-9234-4915-8f35-ce4aafa44caa,2026-07-09,0.4564
d547a9e0-9234-4915-8f35-ce4aafa44caa,2026-07-10,0.5755
d547a9e0-9234-4915-8f35-ce4aafa44caa,2026-07-11,1.0102
d547a9e0-9234-4915-8f35-ce4aafa44caa,2026-07-12,5.3699
d547a9e0-9234-4915-8f35-ce4aafa44caa,2026-07-13,0.4636
d547a9e0-9234-4915-8f35-ce4aafa44caa,2026-07-14,0.6937
d547a9e0-9234-4915-8f35-ce4aafa44caa,2026-07-15,0.6111
d547a9e0-9234-4915-8f35-ce4aafa44caa,2026-07-16,0.5963
d547a9e0-9234-4915-8f35-ce4aafa44caa,2026-07-17,0.5514
d547a9e0-9234-4915-8f35-ce4aafa44caa,2026-07-18,0.4593
d547a9e0-9234-4915-8f35-ce4aafa44caa,2026-07-19,0.6008
d547a9e0-9234-4915-8f35-ce4aafa44caa,2026-07-20,0.3768
d547a9e0-9234-4915-8f35-ce4aafa44caa,2026-07-21,0.528
d547a9e0-9234-4915-8f35-ce4aafa44caa,2026-07-22,0.5287
d547a9e0-9234-4915-8f35-ce4aafa44caa,2026-07-23,0.5645
d547a9e0-9234-4915-8f35-ce4aafa44caa,2026-07-24,0.4354
d547a9e0-9234-4915-8f35-ce4aafa44caa,2026-07-25,0.5294
d547a9e0-9234-4915-8f35-ce4aafa44caa,2026-07-26,0.7624
d547a9e0-9234-4915-8f35-ce4aafa44caa,2026-07-27,0.6199
d547a9e0-9234-4915-8f35-ce4aafa44caa,2026-07-28,0.7535
d547a9e0-9234-4915-8f35-ce4aafa44caa,2026-07-29,3.7747
d547a9e0-9234-4915-8f35-ce4aafa44caa,2026-07-30,2.9431
d6be8a01-c8ef-4da4-88bf-08c01f216934,2026-07-01,2.1881
d6be8a01-c8ef-4da4-88bf-08c01f216934,2026-07-02,0.7862
d6be8a01-c8ef-4da4-88bf-08c01f216934,2026-07-03,0.903
d6be8a01-c8ef-4da4-88bf-08c01f216934,2026-07-04,0.9013
d6be8a01-c8ef-4da4-88bf-08c01f216934,2026-07-05,1.0678
d6be8a01-c8ef-4da4-88bf-08c01f216934,2026-07-06,0.8082
d6be8a01-c8ef-4da4-88bf-08c01f216934,2026-07-07,0.4836
d6be8a01-c8ef-4da4-88bf-08c01f216934,2026-07-08,0.3091
d6be8a01-c8ef-4da4-88bf-08c01f216934,2026-07-09,0.7178
d6be8a01-c8ef-4da4-88bf-08c01f216934,2026-07-10,0.8901
d6be8a01-c8ef-4da4-88bf-08c01f216934,2026-07-11,0.8489
d6be8a01-c8ef-4da4-88bf-08c01f216934,2026-07-12,0.6144
d6be8a01-c8ef-4da4-88bf-08c01f216934,2026-07-13,2.9863
d6be8a01-c8ef-4da4-88bf-08c01f216934,2026-07-14,1.8897
d6be8a01-c8ef-4da4-88bf-08c01f216934,2026-07-15,2.4678
d6be8a01-c8ef-4da4-88bf-08c01f216934,2026-07-16,3.2881
d6be8a01-c8ef-4da4-88bf-08c01f216934,2026-07-17,3.3498
d6be8a01-c8ef-4da4-88bf-08c01f216934,2026-07-18,5.0475
d6be8a01-c8ef-4da4-88bf-08c01f216934,2026-07-19,5.1683
d6be8a01-c8ef-4da4-88bf-08c01f216934,2026-07-20,2.2279
d6be8a01-c8ef-4da4-88bf-08c01f216934,2026-07-21,2.1815
d6be8a01-c8ef-4da4-88bf-08c01f216934,2026-07-22,2.5112
d6be8a01-c8ef-4da4-88bf-08c01f216934,2026-07-23,2.3524
d6be8a01-c8ef-4da4-88bf-08c01f216934,2026-07-24,2.2683
d6be8a01-c8ef-4da4-88bf-08c01f216934,2026-07-25,6.3547
d6be8a01-c8ef-4da4-88bf-08c01f216934,2026-07-26,3.9903
d6be8a01-c8ef-4da4-88bf-08c01f216934,2026-07-27,2.971
d6be8a01-c8ef-4da4-88bf-08c01f216934,2026-07-28,2.2566
d6be8a01-c8ef-4da4-88bf-08c01f216934,2026-07-29,2.0376
d6be8a01-c8ef-4da4-88bf-08c01f216934,2026-07-30,2.5632
decd0138-4c04-4f18-8d2d-c85371011a15,2026-07-01,0.5713
decd0138-4c04-4f18-8d2d-c85371011a15,2026-07-02,2.3034
decd0138-4c04-4f18-8d2d-c85371011a15,2026-07-03,0.8986
decd0138-4c04-4f18-8d2d-c85371011a15,2026-07-04,0.6705
decd0138-4c04-4f18-8d2d-c85371011a15,2026-07-05,1.3052
decd0138-4c04-4f18-8d2d-c85371011a15,2026-07-06,0.3299
decd0138-4c04-4f18-8d2d-c85371011a15,2026-07-07,1.1979
decd0138-4c04-4f18-8d2d-c85371011a15,2026-07-08,0.7965
decd0138-4c04-4f18-8d2d-c85371011a15,2026-07-09,0.7461
decd0138-4c04-4f18-8d2d-c85371011a15,2026-07-10,0.6108
decd0138-4c04-4f18-8d2d-c85371011a15,2026-07-11,1.1501
decd0138-4c04-4f18-8d2d-c85371011a15,2026-07-12,1.1936
decd0138-4c04-4f18-8d2d-c85371011a15,2026-07-13,0.6747
decd0138-4c04-4f18-8d2d-c85371011a15,2026-07-14,0.9105
decd0138-4c04-4f18-8d2d-c85371011a15,2026-07-15,0.594
decd0138-4c04-4f18-8d2d-c85371011a15,2026-07-16,0.6115
decd0138-4c04-4f18-8d2d-c85371011a15,2026-07-17,0.6235
decd0138-4c04-4f18-8d2d-c85371011a15,2026-07-18,0.6618
decd0138-4c04-4f18-8d2d-c85371011a15,2026-07-19,0.8505
decd0138-4c04-4f18-8d2d-c85371011a15,2026-07-20,0.4736
decd0138-4c04-4f18-8d2d-c85371011a15,2026-07-21,0.4725
decd0138-4c04-4f18-8d2d-c85371011a15,2026-07-22,1.5953
decd0138-4c04-4f18-8d2d-c85371011a15,2026-07-23,1.7905
decd0138-4c04-4f18-8d2d-c85371011a15,2026-07-24,2.1132
decd0138-4c04-4f18-8d2d-c85371011a15,2026-07-25,2.6042
decd0138-4c04-4f18-8d2d-c85371011a15,2026-07-26,3.0068
decd0138-4c04-4f18-8d2d-c85371011a15,2026-07-27,1.8742
decd0138-4c04-4f18-8d2d-c85371011a15,2026-07-28,1.7561
decd0138-4c04-4f18-8d2d-c85371011a15,2026-07-29,4.0202
decd0138-4c04-4f18-8d2d-c85371011a15,2026-07-30,3.4879
f546fa91-df7b-45dd-8ad4-36823e2a41b9,2026-07-01,0.6508
f546fa91-df7b-45dd-8ad4-36823e2a41b9,2026-07-02,1.4799
f546fa91-df7b-45dd-8ad4-36823e2a41b9,2026-07-03,0.5982
f546fa91-df7b-45dd-8ad4-36823e2a41b9,2026-07-04,0.4742
f546fa91-df7b-45dd-8ad4-36823e2a41b9,2026-07-05,0.465
f546fa91-df7b-45dd-8ad4-36823e2a41b9,2026-07-06,1.1019
f546fa91-df7b-45dd-8ad4-36823e2a41b9,2026-07-07,1.4027
f546fa91-df7b-45dd-8ad4-36823e2a41b9,2026-07-08,0.8448
f546fa91-df7b-45dd-8ad4-36823e2a41b9,2026-07-09,0.7402
f546fa91-df7b-45dd-8ad4-36823e2a41b9,2026-07-10,0.5926
f546fa91-df7b-45dd-8ad4-36823e2a41b9,2026-07-11,0.6291
f546fa91-df7b-45dd-8ad4-36823e2a41b9,2026-07-12,0.592
f546fa91-df7b-45dd-8ad4-36823e2a41b9,2026-07-13,1.5246
f546fa91-df7b-45dd-8ad4-36823e2a41b9,2026-07-14,3.4679
f546fa91-df7b-45dd-8ad4-36823e2a41b9,2026-07-15,3.2839
f546fa91-df7b-45dd-8ad4-36823e2a41b9,2026-07-16,2.7568
f546fa91-df7b-45dd-8ad4-36823e2a41b9,2026-07-17,2.6917
f546fa91-df7b-45dd-8ad4-36823e2a41b9,2026-07-18,4.9265
f546fa91-df7b-45dd-8ad4-36823e2a41b9,2026-07-19,5.2411
f546fa91-df7b-45dd-8ad4-36823e2a41b9,2026-07-20,2.1322
f546fa91-df7b-45dd-8ad4-36823e2a41b9,2026-07-21,2.6069
f546fa91-df7b-45dd-8ad4-36823e2a41b9,2026-07-22,2.3322
f546fa91-df7b-45dd-8ad4-36823e2a41b9,2026-07-23,2.3331
f546fa91-df7b-45dd-8ad4-36823e2a41b9,2026-07-24,2.7091
f546fa91-df7b-45dd-8ad4-36823e2a41b9,2026-07-25,5.443
f546fa91-df7b-45dd-8ad4-36823e2a41b9,2026-07-26,4.1343
f546fa91-df7b-45dd-8ad4-36823e2a41b9,2026-07-27,4.974
f546fa91-df7b-45dd-8ad4-36823e2a41b9,2026-07-28,2.4113
f546fa91-df7b-45dd-8ad4-36823e2a41b9,2026-07-29,2.2899
f546fa91-df7b-45dd-8ad4-36823e2a41b9,2026-07-30,2.01
f610623d-a4d4-477a-a516-10ffd8694929,2026-07-01,0.6508
f610623d-a4d4-477a-a516-10ffd8694929,2026-07-02,1.4799
f610623d-a4d4-477a-a516-10ffd8694929,2026-07-03,0.5982
f610623d-a4d4-477a-a516-10ffd8694929,2026-07-04,0.4742
f610623d-a4d4-477a-a516-10ffd8694929,2026-07-05,0.465
f610623d-a4d4-477a-a516-10ffd8694929,2026-07-06,1.1019
f610623d-a4d4-477a-a516-10ffd8694929,2026-07-07,1.4027
f610623d-a4d4-477a-a516-10ffd8694929,2026-07-08,0.8448
f610623d-a4d4-477a-a516-10ffd8694929,2026-07-09,0.7402
f610623d-a4d4-477a-a516-10ffd8694929,2026-07-10,0.5926
f610623d-a4d4-477a-a516-10ffd8694929,2026-07-11,0.6291
f610623d-a4d4-477a-a516-10ffd8694929,2026-07-12,0.592
f610623d-a4d4-477a-a516-10ffd8694929,2026-07-13,1.5246
f610623d-a4d4-477a-a516-10ffd8694929,2026-07-14,3.4679
f610623d-a4d4-477a-a516-10ffd8694929,2026-07-15,3.2839
f610623d-a4d4-477a-a516-10ffd8694929,2026-07-16,2.7568
f610623d-a4d4-477a-a516-10ffd8694929,2026-07-17,2.6917
f610623d-a4d4-477a-a516-10ffd8694929,2026-07-18,4.9265
f610623d-a4d4-477a-a516-10ffd8694929,2026-07-19,5.2411
f610623d-a4d4-477a-a516-10ffd8694929,2026-07-20,2.1322
f610623d-a4d4-477a-a516-10ffd8694929,2026-07-21,2.6069
f610623d-a4d4-477a-a516-10ffd8694929,2026-07-22,2.3322
f610623d-a4d4-477a-a516-10ffd8694929,2026-07-23,2.3331
f610623d-a4d4-477a-a516-10ffd8694929,2026-07-24,2.7091
f610623d-a4d4-477a-a516-10ffd8694929,2026-07-25,5.443
f610623d-a4d4-477a-a516-10ffd8694929,2026-07-26,4.1343
f610623d-a4d4-477a-a516-10ffd8694929,2026-07-27,4.974
f610623d-a4d4-477a-a516-10ffd8694929,2026-07-28,2.4113
f610623d-a4d4-477a-a516-10ffd8694929,2026-07-29,2.2899
f610623d-a4d4-477a-a516-10ffd8694929,2026-07-30,2.01
